track_id_1,track_id_2,f_median_1,f_median_2,doa_median_1,doa_median_2,overlap_points,overlap_duration,mean_diff,median_diff,p90_diff,corr,doa_consistent,reason
2,4,273.82500000000005,148.4,217.5500155433583,219.14991529348663,54,53.0,,,,,False,overlap_too_short
2,10,273.82500000000005,159.7,217.5500155433583,218.5392280031835,54,53.0,,,,,False,overlap_too_short
2,12,273.82500000000005,125.55,217.5500155433583,226.6661266950384,64,63.0,,,,,False,overlap_too_short
2,17,273.82500000000005,160.525,217.5500155433583,214.69750236712815,56,55.0,,,,,False,overlap_too_short
2,19,273.82500000000005,172.25,217.5500155433583,217.50055318346375,64,63.0,,,,,False,overlap_too_short
2,20,273.82500000000005,205.35,217.5500155433583,218.95001035772435,55,54.0,,,,,False,overlap_too_short
2,21,273.82500000000005,117.6,217.5500155433583,220.13622122275297,64,63.0,,,,,False,overlap_too_short
2,28,273.82500000000005,103.725,217.5500155433583,211.49960220442824,64,63.0,,,,,False,overlap_too_short
2,32,273.82500000000005,136.9,217.5500155433583,221.66364801401906,64,63.0,,,,,False,overlap_too_short
2,35,273.82500000000005,251.0,217.5500155433583,218.95014446443716,51,50.0,,,,,False,overlap_too_short
2,39,273.82500000000005,124.7,217.5500155433583,24.583195345874117,0,0.0,,,,,False,no_overlap
2,40,273.82500000000005,170.5,217.5500155433583,50.378164918888785,0,0.0,,,,,False,no_overlap
2,41,273.82500000000005,375.1,217.5500155433583,42.76265252244343,0,0.0,,,,,False,no_overlap
2,42,273.82500000000005,408.9,217.5500155433583,15.048990224113822,0,0.0,,,,,False,no_overlap
2,43,273.82500000000005,148.8,217.5500155433583,20.247409204110454,0,0.0,,,,,False,no_overlap
2,44,273.82500000000005,344.65,217.5500155433583,16.89969934720159,0,0.0,,,,,False,no_overlap
2,45,273.82500000000005,159.85,217.5500155433583,38.8931407026601,0,0.0,,,,,False,no_overlap
2,46,273.82500000000005,193.2,217.5500155433583,35.85000243700914,0,0.0,,,,,False,no_overlap
2,47,273.82500000000005,238.7,217.5500155433583,52.25110962803621,0,0.0,,,,,False,no_overlap
2,48,273.82500000000005,175.7,217.5500155433583,44.35809221115328,0,0.0,,,,,False,no_overlap
2,50,273.82500000000005,148.15,217.5500155433583,28.149354226388194,0,0.0,,,,,False,no_overlap
2,51,273.82500000000005,210.85,217.5500155433583,51.96171092326851,0,0.0,,,,,False,no_overlap
2,54,273.82500000000005,103.35,217.5500155433583,54.694590775155234,0,0.0,,,,,False,no_overlap
2,55,273.82500000000005,159.15,217.5500155433583,43.35091859042569,0,0.0,,,,,False,no_overlap
2,57,273.82500000000005,295.5,217.5500155433583,51.85262629057717,0,0.0,,,,,False,no_overlap
2,58,273.82500000000005,152.25,217.5500155433583,57.31341304911877,0,0.0,,,,,False,no_overlap
2,59,273.82500000000005,229.9,217.5500155433583,33.050001827751935,0,0.0,,,,,False,no_overlap
2,60,273.82500000000005,250.05,217.5500155433583,60.627133328600145,0,0.0,,,,,False,no_overlap
2,61,273.82500000000005,183.35,217.5500155433583,43.59310897362276,0,0.0,,,,,False,no_overlap
2,63,273.82500000000005,204.65,217.5500155433583,51.24992380241591,0,0.0,,,,,False,no_overlap
2,64,273.82500000000005,340.95,217.5500155433583,44.30046537876594,0,0.0,,,,,False,no_overlap
2,65,273.82500000000005,245.85,217.5500155433583,40.9503611379082,0,0.0,,,,,False,no_overlap
2,66,273.82500000000005,171.6,217.5500155433583,51.25123900870942,0,0.0,,,,,False,no_overlap
2,67,273.82500000000005,173.6,217.5500155433583,51.14761715179862,0,0.0,,,,,False,no_overlap
2,68,273.82500000000005,241.75,217.5500155433583,41.30155506097921,0,0.0,,,,,False,no_overlap
2,69,273.82500000000005,344.5,217.5500155433583,37.20391452684906,0,0.0,,,,,False,no_overlap
2,72,273.82500000000005,245.9,217.5500155433583,58.0286548219622,0,0.0,,,,,False,no_overlap
2,74,273.82500000000005,124.7,217.5500155433583,48.47646491221749,0,0.0,,,,,False,no_overlap
2,75,273.82500000000005,272.9,217.5500155433583,60.2485523431312,0,0.0,,,,,False,no_overlap
2,78,273.82500000000005,344.6,217.5500155433583,53.755454478536365,0,0.0,,,,,False,no_overlap
2,79,273.82500000000005,193.25,217.5500155433583,69.30115338864515,0,0.0,,,,,False,no_overlap
2,80,273.82500000000005,229.8,217.5500155433583,68.89805991475131,0,0.0,,,,,False,no_overlap
2,82,273.82500000000005,375.05,217.5500155433583,53.42203473535585,0,0.0,,,,,False,no_overlap
2,92,273.82500000000005,59.25,217.5500155433583,12.241287111310728,0,0.0,,,,,False,no_overlap
4,10,148.4,159.7,219.14991529348663,218.5392280031835,54,53.0,,,,,False,overlap_too_short
4,12,148.4,125.55,219.14991529348663,226.6661266950384,54,53.0,,,,,False,overlap_too_short
4,17,148.4,160.525,219.14991529348663,214.69750236712815,54,53.0,,,,,False,overlap_too_short
4,19,148.4,172.25,219.14991529348663,217.50055318346375,54,53.0,,,,,False,overlap_too_short
4,20,148.4,205.35,219.14991529348663,218.95001035772435,54,53.0,,,,,False,overlap_too_short
4,21,148.4,117.6,219.14991529348663,220.13622122275297,54,53.0,,,,,False,overlap_too_short
4,28,148.4,103.725,219.14991529348663,211.49960220442824,54,53.0,,,,,False,overlap_too_short
4,32,148.4,136.9,219.14991529348663,221.66364801401906,54,53.0,,,,,False,overlap_too_short
4,35,148.4,251.0,219.14991529348663,218.95014446443716,41,40.0,,,,,False,overlap_too_short
4,39,148.4,124.7,219.14991529348663,24.583195345874117,0,0.0,,,,,False,no_overlap
4,40,148.4,170.5,219.14991529348663,50.378164918888785,0,0.0,,,,,False,no_overlap
4,41,148.4,375.1,219.14991529348663,42.76265252244343,0,0.0,,,,,False,no_overlap
4,42,148.4,408.9,219.14991529348663,15.048990224113822,0,0.0,,,,,False,no_overlap
4,43,148.4,148.8,219.14991529348663,20.247409204110454,0,0.0,,,,,False,no_overlap
4,44,148.4,344.65,219.14991529348663,16.89969934720159,0,0.0,,,,,False,no_overlap
4,45,148.4,159.85,219.14991529348663,38.8931407026601,0,0.0,,,,,False,no_overlap
4,46,148.4,193.2,219.14991529348663,35.85000243700914,0,0.0,,,,,False,no_overlap
4,47,148.4,238.7,219.14991529348663,52.25110962803621,0,0.0,,,,,False,no_overlap
4,48,148.4,175.7,219.14991529348663,44.35809221115328,0,0.0,,,,,False,no_overlap
4,50,148.4,148.15,219.14991529348663,28.149354226388194,0,0.0,,,,,False,no_overlap
4,51,148.4,210.85,219.14991529348663,51.96171092326851,0,0.0,,,,,False,no_overlap
4,54,148.4,103.35,219.14991529348663,54.694590775155234,0,0.0,,,,,False,no_overlap
4,55,148.4,159.15,219.14991529348663,43.35091859042569,0,0.0,,,,,False,no_overlap
4,57,148.4,295.5,219.14991529348663,51.85262629057717,0,0.0,,,,,False,no_overlap
4,58,148.4,152.25,219.14991529348663,57.31341304911877,0,0.0,,,,,False,no_overlap
4,59,148.4,229.9,219.14991529348663,33.050001827751935,0,0.0,,,,,False,no_overlap
4,60,148.4,250.05,219.14991529348663,60.627133328600145,0,0.0,,,,,False,no_overlap
4,61,148.4,183.35,219.14991529348663,43.59310897362276,0,0.0,,,,,False,no_overlap
4,63,148.4,204.65,219.14991529348663,51.24992380241591,0,0.0,,,,,False,no_overlap
4,64,148.4,340.95,219.14991529348663,44.30046537876594,0,0.0,,,,,False,no_overlap
4,65,148.4,245.85,219.14991529348663,40.9503611379082,0,0.0,,,,,False,no_overlap
4,66,148.4,171.6,219.14991529348663,51.25123900870942,0,0.0,,,,,False,no_overlap
4,67,148.4,173.6,219.14991529348663,51.14761715179862,0,0.0,,,,,False,no_overlap
4,68,148.4,241.75,219.14991529348663,41.30155506097921,0,0.0,,,,,False,no_overlap
4,69,148.4,344.5,219.14991529348663,37.20391452684906,0,0.0,,,,,False,no_overlap
4,72,148.4,245.9,219.14991529348663,58.0286548219622,0,0.0,,,,,False,no_overlap
4,74,148.4,124.7,219.14991529348663,48.47646491221749,0,0.0,,,,,False,no_overlap
4,75,148.4,272.9,219.14991529348663,60.2485523431312,0,0.0,,,,,False,no_overlap
4,78,148.4,344.6,219.14991529348663,53.755454478536365,0,0.0,,,,,False,no_overlap
4,79,148.4,193.25,219.14991529348663,69.30115338864515,0,0.0,,,,,False,no_overlap
4,80,148.4,229.8,219.14991529348663,68.89805991475131,0,0.0,,,,,False,no_overlap
4,82,148.4,375.05,219.14991529348663,53.42203473535585,0,0.0,,,,,False,no_overlap
4,92,148.4,59.25,219.14991529348663,12.241287111310728,0,0.0,,,,,False,no_overlap
10,12,159.7,125.55,218.5392280031835,226.6661266950384,54,53.0,,,,,False,overlap_too_short
10,17,159.7,160.525,218.5392280031835,214.69750236712815,54,53.0,,,,,False,overlap_too_short
10,19,159.7,172.25,218.5392280031835,217.50055318346375,54,53.0,,,,,False,overlap_too_short
10,20,159.7,205.35,218.5392280031835,218.95001035772435,54,53.0,,,,,False,overlap_too_short
10,21,159.7,117.6,218.5392280031835,220.13622122275297,54,53.0,,,,,False,overlap_too_short
10,28,159.7,103.725,218.5392280031835,211.49960220442824,54,53.0,,,,,False,overlap_too_short
10,32,159.7,136.9,218.5392280031835,221.66364801401906,54,53.0,,,,,False,overlap_too_short
10,35,159.7,251.0,218.5392280031835,218.95014446443716,41,40.0,,,,,False,overlap_too_short
10,39,159.7,124.7,218.5392280031835,24.583195345874117,0,0.0,,,,,False,no_overlap
10,40,159.7,170.5,218.5392280031835,50.378164918888785,0,0.0,,,,,False,no_overlap
10,41,159.7,375.1,218.5392280031835,42.76265252244343,0,0.0,,,,,False,no_overlap
10,42,159.7,408.9,218.5392280031835,15.048990224113822,0,0.0,,,,,False,no_overlap
10,43,159.7,148.8,218.5392280031835,20.247409204110454,0,0.0,,,,,False,no_overlap
10,44,159.7,344.65,218.5392280031835,16.89969934720159,0,0.0,,,,,False,no_overlap
10,45,159.7,159.85,218.5392280031835,38.8931407026601,0,0.0,,,,,False,no_overlap
10,46,159.7,193.2,218.5392280031835,35.85000243700914,0,0.0,,,,,False,no_overlap
10,47,159.7,238.7,218.5392280031835,52.25110962803621,0,0.0,,,,,False,no_overlap
10,48,159.7,175.7,218.5392280031835,44.35809221115328,0,0.0,,,,,False,no_overlap
10,50,159.7,148.15,218.5392280031835,28.149354226388194,0,0.0,,,,,False,no_overlap
10,51,159.7,210.85,218.5392280031835,51.96171092326851,0,0.0,,,,,False,no_overlap
10,54,159.7,103.35,218.5392280031835,54.694590775155234,0,0.0,,,,,False,no_overlap
10,55,159.7,159.15,218.5392280031835,43.35091859042569,0,0.0,,,,,False,no_overlap
10,57,159.7,295.5,218.5392280031835,51.85262629057717,0,0.0,,,,,False,no_overlap
10,58,159.7,152.25,218.5392280031835,57.31341304911877,0,0.0,,,,,False,no_overlap
10,59,159.7,229.9,218.5392280031835,33.050001827751935,0,0.0,,,,,False,no_overlap
10,60,159.7,250.05,218.5392280031835,60.627133328600145,0,0.0,,,,,False,no_overlap
10,61,159.7,183.35,218.5392280031835,43.59310897362276,0,0.0,,,,,False,no_overlap
10,63,159.7,204.65,218.5392280031835,51.24992380241591,0,0.0,,,,,False,no_overlap
10,64,159.7,340.95,218.5392280031835,44.30046537876594,0,0.0,,,,,False,no_overlap
10,65,159.7,245.85,218.5392280031835,40.9503611379082,0,0.0,,,,,False,no_overlap
10,66,159.7,171.6,218.5392280031835,51.25123900870942,0,0.0,,,,,False,no_overlap
10,67,159.7,173.6,218.5392280031835,51.14761715179862,0,0.0,,,,,False,no_overlap
10,68,159.7,241.75,218.5392280031835,41.30155506097921,0,0.0,,,,,False,no_overlap
10,69,159.7,344.5,218.5392280031835,37.20391452684906,0,0.0,,,,,False,no_overlap
10,72,159.7,245.9,218.5392280031835,58.0286548219622,0,0.0,,,,,False,no_overlap
10,74,159.7,124.7,218.5392280031835,48.47646491221749,0,0.0,,,,,False,no_overlap
10,75,159.7,272.9,218.5392280031835,60.2485523431312,0,0.0,,,,,False,no_overlap
10,78,159.7,344.6,218.5392280031835,53.755454478536365,0,0.0,,,,,False,no_overlap
10,79,159.7,193.25,218.5392280031835,69.30115338864515,0,0.0,,,,,False,no_overlap
10,80,159.7,229.8,218.5392280031835,68.89805991475131,0,0.0,,,,,False,no_overlap
10,82,159.7,375.05,218.5392280031835,53.42203473535585,0,0.0,,,,,False,no_overlap
10,92,159.7,59.25,218.5392280031835,12.241287111310728,0,0.0,,,,,False,no_overlap
12,17,125.55,160.525,226.6661266950384,214.69750236712815,56,55.0,,,,,False,overlap_too_short
12,19,125.55,172.25,226.6661266950384,217.50055318346375,76,75.0,,,,,False,overlap_too_short
12,20,125.55,205.35,226.6661266950384,218.95001035772435,55,54.0,,,,,False,overlap_too_short
12,21,125.55,117.6,226.6661266950384,220.13622122275297,76,75.0,,,,,False,overlap_too_short
12,28,125.55,103.725,226.6661266950384,211.49960220442824,76,75.0,,,,,False,overlap_too_short
12,32,125.55,136.9,226.6661266950384,221.66364801401906,75,74.0,,,,,False,overlap_too_short
12,35,125.55,251.0,226.6661266950384,218.95014446443716,51,50.0,,,,,False,overlap_too_short
12,39,125.55,124.7,226.6661266950384,24.583195345874117,0,0.0,,,,,False,no_overlap
12,40,125.55,170.5,226.6661266950384,50.378164918888785,0,0.0,,,,,False,no_overlap
12,41,125.55,375.1,226.6661266950384,42.76265252244343,0,0.0,,,,,False,no_overlap
12,42,125.55,408.9,226.6661266950384,15.048990224113822,0,0.0,,,,,False,no_overlap
12,43,125.55,148.8,226.6661266950384,20.247409204110454,0,0.0,,,,,False,no_overlap
12,44,125.55,344.65,226.6661266950384,16.89969934720159,0,0.0,,,,,False,no_overlap
12,45,125.55,159.85,226.6661266950384,38.8931407026601,0,0.0,,,,,False,no_overlap
12,46,125.55,193.2,226.6661266950384,35.85000243700914,0,0.0,,,,,False,no_overlap
12,47,125.55,238.7,226.6661266950384,52.25110962803621,0,0.0,,,,,False,no_overlap
12,48,125.55,175.7,226.6661266950384,44.35809221115328,0,0.0,,,,,False,no_overlap
12,50,125.55,148.15,226.6661266950384,28.149354226388194,0,0.0,,,,,False,no_overlap
12,51,125.55,210.85,226.6661266950384,51.96171092326851,0,0.0,,,,,False,no_overlap
12,54,125.55,103.35,226.6661266950384,54.694590775155234,0,0.0,,,,,False,no_overlap
12,55,125.55,159.15,226.6661266950384,43.35091859042569,0,0.0,,,,,False,no_overlap
12,57,125.55,295.5,226.6661266950384,51.85262629057717,0,0.0,,,,,False,no_overlap
12,58,125.55,152.25,226.6661266950384,57.31341304911877,0,0.0,,,,,False,no_overlap
12,59,125.55,229.9,226.6661266950384,33.050001827751935,0,0.0,,,,,False,no_overlap
12,60,125.55,250.05,226.6661266950384,60.627133328600145,0,0.0,,,,,False,no_overlap
12,61,125.55,183.35,226.6661266950384,43.59310897362276,0,0.0,,,,,False,no_overlap
12,63,125.55,204.65,226.6661266950384,51.24992380241591,0,0.0,,,,,False,no_overlap
12,64,125.55,340.95,226.6661266950384,44.30046537876594,0,0.0,,,,,False,no_overlap
12,65,125.55,245.85,226.6661266950384,40.9503611379082,0,0.0,,,,,False,no_overlap
12,66,125.55,171.6,226.6661266950384,51.25123900870942,0,0.0,,,,,False,no_overlap
12,67,125.55,173.6,226.6661266950384,51.14761715179862,0,0.0,,,,,False,no_overlap
12,68,125.55,241.75,226.6661266950384,41.30155506097921,0,0.0,,,,,False,no_overlap
12,69,125.55,344.5,226.6661266950384,37.20391452684906,0,0.0,,,,,False,no_overlap
12,72,125.55,245.9,226.6661266950384,58.0286548219622,0,0.0,,,,,False,no_overlap
12,74,125.55,124.7,226.6661266950384,48.47646491221749,0,0.0,,,,,False,no_overlap
12,75,125.55,272.9,226.6661266950384,60.2485523431312,0,0.0,,,,,False,no_overlap
12,78,125.55,344.6,226.6661266950384,53.755454478536365,0,0.0,,,,,False,no_overlap
12,79,125.55,193.25,226.6661266950384,69.30115338864515,0,0.0,,,,,False,no_overlap
12,80,125.55,229.8,226.6661266950384,68.89805991475131,0,0.0,,,,,False,no_overlap
12,82,125.55,375.05,226.6661266950384,53.42203473535585,0,0.0,,,,,False,no_overlap
12,92,125.55,59.25,226.6661266950384,12.241287111310728,0,0.0,,,,,False,no_overlap
17,19,160.525,172.25,214.69750236712815,217.50055318346375,56,55.0,,,,,False,overlap_too_short
17,20,160.525,205.35,214.69750236712815,218.95001035772435,55,54.0,,,,,False,overlap_too_short
17,21,160.525,117.6,214.69750236712815,220.13622122275297,56,55.0,,,,,False,overlap_too_short
17,28,160.525,103.725,214.69750236712815,211.49960220442824,56,55.0,,,,,False,overlap_too_short
17,32,160.525,136.9,214.69750236712815,221.66364801401906,56,55.0,,,,,False,overlap_too_short
17,35,160.525,251.0,214.69750236712815,218.95014446443716,43,42.0,,,,,False,overlap_too_short
17,39,160.525,124.7,214.69750236712815,24.583195345874117,0,0.0,,,,,False,no_overlap
17,40,160.525,170.5,214.69750236712815,50.378164918888785,0,0.0,,,,,False,no_overlap
17,41,160.525,375.1,214.69750236712815,42.76265252244343,0,0.0,,,,,False,no_overlap
17,42,160.525,408.9,214.69750236712815,15.048990224113822,0,0.0,,,,,False,no_overlap
17,43,160.525,148.8,214.69750236712815,20.247409204110454,0,0.0,,,,,False,no_overlap
17,44,160.525,344.65,214.69750236712815,16.89969934720159,0,0.0,,,,,False,no_overlap
17,45,160.525,159.85,214.69750236712815,38.8931407026601,0,0.0,,,,,False,no_overlap
17,46,160.525,193.2,214.69750236712815,35.85000243700914,0,0.0,,,,,False,no_overlap
17,47,160.525,238.7,214.69750236712815,52.25110962803621,0,0.0,,,,,False,no_overlap
17,48,160.525,175.7,214.69750236712815,44.35809221115328,0,0.0,,,,,False,no_overlap
17,50,160.525,148.15,214.69750236712815,28.149354226388194,0,0.0,,,,,False,no_overlap
17,51,160.525,210.85,214.69750236712815,51.96171092326851,0,0.0,,,,,False,no_overlap
17,54,160.525,103.35,214.69750236712815,54.694590775155234,0,0.0,,,,,False,no_overlap
17,55,160.525,159.15,214.69750236712815,43.35091859042569,0,0.0,,,,,False,no_overlap
17,57,160.525,295.5,214.69750236712815,51.85262629057717,0,0.0,,,,,False,no_overlap
17,58,160.525,152.25,214.69750236712815,57.31341304911877,0,0.0,,,,,False,no_overlap
17,59,160.525,229.9,214.69750236712815,33.050001827751935,0,0.0,,,,,False,no_overlap
17,60,160.525,250.05,214.69750236712815,60.627133328600145,0,0.0,,,,,False,no_overlap
17,61,160.525,183.35,214.69750236712815,43.59310897362276,0,0.0,,,,,False,no_overlap
17,63,160.525,204.65,214.69750236712815,51.24992380241591,0,0.0,,,,,False,no_overlap
17,64,160.525,340.95,214.69750236712815,44.30046537876594,0,0.0,,,,,False,no_overlap
17,65,160.525,245.85,214.69750236712815,40.9503611379082,0,0.0,,,,,False,no_overlap
17,66,160.525,171.6,214.69750236712815,51.25123900870942,0,0.0,,,,,False,no_overlap
17,67,160.525,173.6,214.69750236712815,51.14761715179862,0,0.0,,,,,False,no_overlap
17,68,160.525,241.75,214.69750236712815,41.30155506097921,0,0.0,,,,,False,no_overlap
17,69,160.525,344.5,214.69750236712815,37.20391452684906,0,0.0,,,,,False,no_overlap
17,72,160.525,245.9,214.69750236712815,58.0286548219622,0,0.0,,,,,False,no_overlap
17,74,160.525,124.7,214.69750236712815,48.47646491221749,0,0.0,,,,,False,no_overlap
17,75,160.525,272.9,214.69750236712815,60.2485523431312,0,0.0,,,,,False,no_overlap
17,78,160.525,344.6,214.69750236712815,53.755454478536365,0,0.0,,,,,False,no_overlap
17,79,160.525,193.25,214.69750236712815,69.30115338864515,0,0.0,,,,,False,no_overlap
17,80,160.525,229.8,214.69750236712815,68.89805991475131,0,0.0,,,,,False,no_overlap
17,82,160.525,375.05,214.69750236712815,53.42203473535585,0,0.0,,,,,False,no_overlap
17,92,160.525,59.25,214.69750236712815,12.241287111310728,0,0.0,,,,,False,no_overlap
19,20,172.25,205.35,217.50055318346375,218.95001035772435,55,54.0,,,,,False,overlap_too_short
19,21,172.25,117.6,217.50055318346375,220.13622122275297,80,79.0,,,,,False,overlap_too_short
19,28,172.25,103.725,217.50055318346375,211.49960220442824,80,79.0,,,,,False,overlap_too_short
19,32,172.25,136.9,217.50055318346375,221.66364801401906,75,74.0,,,,,False,overlap_too_short
19,35,172.25,251.0,217.50055318346375,218.95014446443716,51,50.0,,,,,False,overlap_too_short
19,39,172.25,124.7,217.50055318346375,24.583195345874117,0,0.0,,,,,False,no_overlap
19,40,172.25,170.5,217.50055318346375,50.378164918888785,0,0.0,,,,,False,no_overlap
19,41,172.25,375.1,217.50055318346375,42.76265252244343,0,0.0,,,,,False,no_overlap
19,42,172.25,408.9,217.50055318346375,15.048990224113822,0,0.0,,,,,False,no_overlap
19,43,172.25,148.8,217.50055318346375,20.247409204110454,0,0.0,,,,,False,no_overlap
19,44,172.25,344.65,217.50055318346375,16.89969934720159,0,0.0,,,,,False,no_overlap
19,45,172.25,159.85,217.50055318346375,38.8931407026601,0,0.0,,,,,False,no_overlap
19,46,172.25,193.2,217.50055318346375,35.85000243700914,0,0.0,,,,,False,no_overlap
19,47,172.25,238.7,217.50055318346375,52.25110962803621,0,0.0,,,,,False,no_overlap
19,48,172.25,175.7,217.50055318346375,44.35809221115328,0,0.0,,,,,False,no_overlap
19,50,172.25,148.15,217.50055318346375,28.149354226388194,0,0.0,,,,,False,no_overlap
19,51,172.25,210.85,217.50055318346375,51.96171092326851,0,0.0,,,,,False,no_overlap
19,54,172.25,103.35,217.50055318346375,54.694590775155234,0,0.0,,,,,False,no_overlap
19,55,172.25,159.15,217.50055318346375,43.35091859042569,0,0.0,,,,,False,no_overlap
19,57,172.25,295.5,217.50055318346375,51.85262629057717,0,0.0,,,,,False,no_overlap
19,58,172.25,152.25,217.50055318346375,57.31341304911877,0,0.0,,,,,False,no_overlap
19,59,172.25,229.9,217.50055318346375,33.050001827751935,0,0.0,,,,,False,no_overlap
19,60,172.25,250.05,217.50055318346375,60.627133328600145,0,0.0,,,,,False,no_overlap
19,61,172.25,183.35,217.50055318346375,43.59310897362276,0,0.0,,,,,False,no_overlap
19,63,172.25,204.65,217.50055318346375,51.24992380241591,0,0.0,,,,,False,no_overlap
19,64,172.25,340.95,217.50055318346375,44.30046537876594,0,0.0,,,,,False,no_overlap
19,65,172.25,245.85,217.50055318346375,40.9503611379082,0,0.0,,,,,False,no_overlap
19,66,172.25,171.6,217.50055318346375,51.25123900870942,0,0.0,,,,,False,no_overlap
19,67,172.25,173.6,217.50055318346375,51.14761715179862,0,0.0,,,,,False,no_overlap
19,68,172.25,241.75,217.50055318346375,41.30155506097921,0,0.0,,,,,False,no_overlap
19,69,172.25,344.5,217.50055318346375,37.20391452684906,0,0.0,,,,,False,no_overlap
19,72,172.25,245.9,217.50055318346375,58.0286548219622,0,0.0,,,,,False,no_overlap
19,74,172.25,124.7,217.50055318346375,48.47646491221749,0,0.0,,,,,False,no_overlap
19,75,172.25,272.9,217.50055318346375,60.2485523431312,0,0.0,,,,,False,no_overlap
19,78,172.25,344.6,217.50055318346375,53.755454478536365,0,0.0,,,,,False,no_overlap
19,79,172.25,193.25,217.50055318346375,69.30115338864515,0,0.0,,,,,False,no_overlap
19,80,172.25,229.8,217.50055318346375,68.89805991475131,0,0.0,,,,,False,no_overlap
19,82,172.25,375.05,217.50055318346375,53.42203473535585,0,0.0,,,,,False,no_overlap
19,92,172.25,59.25,217.50055318346375,12.241287111310728,0,0.0,,,,,False,no_overlap
20,21,205.35,117.6,218.95001035772435,220.13622122275297,55,54.0,,,,,False,overlap_too_short
20,28,205.35,103.725,218.95001035772435,211.49960220442824,55,54.0,,,,,False,overlap_too_short
20,32,205.35,136.9,218.95001035772435,221.66364801401906,55,54.0,,,,,False,overlap_too_short
20,35,205.35,251.0,218.95001035772435,218.95014446443716,42,41.0,,,,,False,overlap_too_short
20,39,205.35,124.7,218.95001035772435,24.583195345874117,0,0.0,,,,,False,no_overlap
20,40,205.35,170.5,218.95001035772435,50.378164918888785,0,0.0,,,,,False,no_overlap
20,41,205.35,375.1,218.95001035772435,42.76265252244343,0,0.0,,,,,False,no_overlap
20,42,205.35,408.9,218.95001035772435,15.048990224113822,0,0.0,,,,,False,no_overlap
20,43,205.35,148.8,218.95001035772435,20.247409204110454,0,0.0,,,,,False,no_overlap
20,44,205.35,344.65,218.95001035772435,16.89969934720159,0,0.0,,,,,False,no_overlap
20,45,205.35,159.85,218.95001035772435,38.8931407026601,0,0.0,,,,,False,no_overlap
20,46,205.35,193.2,218.95001035772435,35.85000243700914,0,0.0,,,,,False,no_overlap
20,47,205.35,238.7,218.95001035772435,52.25110962803621,0,0.0,,,,,False,no_overlap
20,48,205.35,175.7,218.95001035772435,44.35809221115328,0,0.0,,,,,False,no_overlap
20,50,205.35,148.15,218.95001035772435,28.149354226388194,0,0.0,,,,,False,no_overlap
20,51,205.35,210.85,218.95001035772435,51.96171092326851,0,0.0,,,,,False,no_overlap
20,54,205.35,103.35,218.95001035772435,54.694590775155234,0,0.0,,,,,False,no_overlap
20,55,205.35,159.15,218.95001035772435,43.35091859042569,0,0.0,,,,,False,no_overlap
20,57,205.35,295.5,218.95001035772435,51.85262629057717,0,0.0,,,,,False,no_overlap
20,58,205.35,152.25,218.95001035772435,57.31341304911877,0,0.0,,,,,False,no_overlap
20,59,205.35,229.9,218.95001035772435,33.050001827751935,0,0.0,,,,,False,no_overlap
20,60,205.35,250.05,218.95001035772435,60.627133328600145,0,0.0,,,,,False,no_overlap
20,61,205.35,183.35,218.95001035772435,43.59310897362276,0,0.0,,,,,False,no_overlap
20,63,205.35,204.65,218.95001035772435,51.24992380241591,0,0.0,,,,,False,no_overlap
20,64,205.35,340.95,218.95001035772435,44.30046537876594,0,0.0,,,,,False,no_overlap
20,65,205.35,245.85,218.95001035772435,40.9503611379082,0,0.0,,,,,False,no_overlap
20,66,205.35,171.6,218.95001035772435,51.25123900870942,0,0.0,,,,,False,no_overlap
20,67,205.35,173.6,218.95001035772435,51.14761715179862,0,0.0,,,,,False,no_overlap
20,68,205.35,241.75,218.95001035772435,41.30155506097921,0,0.0,,,,,False,no_overlap
20,69,205.35,344.5,218.95001035772435,37.20391452684906,0,0.0,,,,,False,no_overlap
20,72,205.35,245.9,218.95001035772435,58.0286548219622,0,0.0,,,,,False,no_overlap
20,74,205.35,124.7,218.95001035772435,48.47646491221749,0,0.0,,,,,False,no_overlap
20,75,205.35,272.9,218.95001035772435,60.2485523431312,0,0.0,,,,,False,no_overlap
20,78,205.35,344.6,218.95001035772435,53.755454478536365,0,0.0,,,,,False,no_overlap
20,79,205.35,193.25,218.95001035772435,69.30115338864515,0,0.0,,,,,False,no_overlap
20,80,205.35,229.8,218.95001035772435,68.89805991475131,0,0.0,,,,,False,no_overlap
20,82,205.35,375.05,218.95001035772435,53.42203473535585,0,0.0,,,,,False,no_overlap
20,92,205.35,59.25,218.95001035772435,12.241287111310728,0,0.0,,,,,False,no_overlap
21,28,117.6,103.725,220.13622122275297,211.49960220442824,80,79.0,,,,,False,overlap_too_short
21,32,117.6,136.9,220.13622122275297,221.66364801401906,75,74.0,,,,,False,overlap_too_short
21,35,117.6,251.0,220.13622122275297,218.95014446443716,51,50.0,,,,,False,overlap_too_short
21,39,117.6,124.7,220.13622122275297,24.583195345874117,0,0.0,,,,,False,no_overlap
21,40,117.6,170.5,220.13622122275297,50.378164918888785,0,0.0,,,,,False,no_overlap
21,41,117.6,375.1,220.13622122275297,42.76265252244343,0,0.0,,,,,False,no_overlap
21,42,117.6,408.9,220.13622122275297,15.048990224113822,0,0.0,,,,,False,no_overlap
21,43,117.6,148.8,220.13622122275297,20.247409204110454,0,0.0,,,,,False,no_overlap
21,44,117.6,344.65,220.13622122275297,16.89969934720159,0,0.0,,,,,False,no_overlap
21,45,117.6,159.85,220.13622122275297,38.8931407026601,0,0.0,,,,,False,no_overlap
21,46,117.6,193.2,220.13622122275297,35.85000243700914,0,0.0,,,,,False,no_overlap
21,47,117.6,238.7,220.13622122275297,52.25110962803621,0,0.0,,,,,False,no_overlap
21,48,117.6,175.7,220.13622122275297,44.35809221115328,0,0.0,,,,,False,no_overlap
21,50,117.6,148.15,220.13622122275297,28.149354226388194,0,0.0,,,,,False,no_overlap
21,51,117.6,210.85,220.13622122275297,51.96171092326851,0,0.0,,,,,False,no_overlap
21,54,117.6,103.35,220.13622122275297,54.694590775155234,0,0.0,,,,,False,no_overlap
21,55,117.6,159.15,220.13622122275297,43.35091859042569,0,0.0,,,,,False,no_overlap
21,57,117.6,295.5,220.13622122275297,51.85262629057717,0,0.0,,,,,False,no_overlap
21,58,117.6,152.25,220.13622122275297,57.31341304911877,0,0.0,,,,,False,no_overlap
21,59,117.6,229.9,220.13622122275297,33.050001827751935,0,0.0,,,,,False,no_overlap
21,60,117.6,250.05,220.13622122275297,60.627133328600145,0,0.0,,,,,False,no_overlap
21,61,117.6,183.35,220.13622122275297,43.59310897362276,0,0.0,,,,,False,no_overlap
21,63,117.6,204.65,220.13622122275297,51.24992380241591,0,0.0,,,,,False,no_overlap
21,64,117.6,340.95,220.13622122275297,44.30046537876594,0,0.0,,,,,False,no_overlap
21,65,117.6,245.85,220.13622122275297,40.9503611379082,0,0.0,,,,,False,no_overlap
21,66,117.6,171.6,220.13622122275297,51.25123900870942,0,0.0,,,,,False,no_overlap
21,67,117.6,173.6,220.13622122275297,51.14761715179862,0,0.0,,,,,False,no_overlap
21,68,117.6,241.75,220.13622122275297,41.30155506097921,0,0.0,,,,,False,no_overlap
21,69,117.6,344.5,220.13622122275297,37.20391452684906,0,0.0,,,,,False,no_overlap
21,72,117.6,245.9,220.13622122275297,58.0286548219622,0,0.0,,,,,False,no_overlap
21,74,117.6,124.7,220.13622122275297,48.47646491221749,0,0.0,,,,,False,no_overlap
21,75,117.6,272.9,220.13622122275297,60.2485523431312,0,0.0,,,,,False,no_overlap
21,78,117.6,344.6,220.13622122275297,53.755454478536365,0,0.0,,,,,False,no_overlap
21,79,117.6,193.25,220.13622122275297,69.30115338864515,0,0.0,,,,,False,no_overlap
21,80,117.6,229.8,220.13622122275297,68.89805991475131,0,0.0,,,,,False,no_overlap
21,82,117.6,375.05,220.13622122275297,53.42203473535585,0,0.0,,,,,False,no_overlap
21,92,117.6,59.25,220.13622122275297,12.241287111310728,0,0.0,,,,,False,no_overlap
28,32,103.725,136.9,211.49960220442824,221.66364801401906,75,74.0,,,,,False,overlap_too_short
28,35,103.725,251.0,211.49960220442824,218.95014446443716,51,50.0,,,,,False,overlap_too_short
28,39,103.725,124.7,211.49960220442824,24.583195345874117,0,0.0,,,,,False,no_overlap
28,40,103.725,170.5,211.49960220442824,50.378164918888785,0,0.0,,,,,False,no_overlap
28,41,103.725,375.1,211.49960220442824,42.76265252244343,0,0.0,,,,,False,no_overlap
28,42,103.725,408.9,211.49960220442824,15.048990224113822,0,0.0,,,,,False,no_overlap
28,43,103.725,148.8,211.49960220442824,20.247409204110454,0,0.0,,,,,False,no_overlap
28,44,103.725,344.65,211.49960220442824,16.89969934720159,0,0.0,,,,,False,no_overlap
28,45,103.725,159.85,211.49960220442824,38.8931407026601,0,0.0,,,,,False,no_overlap
28,46,103.725,193.2,211.49960220442824,35.85000243700914,0,0.0,,,,,False,no_overlap
28,47,103.725,238.7,211.49960220442824,52.25110962803621,0,0.0,,,,,False,no_overlap
28,48,103.725,175.7,211.49960220442824,44.35809221115328,0,0.0,,,,,False,no_overlap
28,50,103.725,148.15,211.49960220442824,28.149354226388194,0,0.0,,,,,False,no_overlap
28,51,103.725,210.85,211.49960220442824,51.96171092326851,0,0.0,,,,,False,no_overlap
28,54,103.725,103.35,211.49960220442824,54.694590775155234,0,0.0,,,,,False,no_overlap
28,55,103.725,159.15,211.49960220442824,43.35091859042569,0,0.0,,,,,False,no_overlap
28,57,103.725,295.5,211.49960220442824,51.85262629057717,0,0.0,,,,,False,no_overlap
28,58,103.725,152.25,211.49960220442824,57.31341304911877,0,0.0,,,,,False,no_overlap
28,59,103.725,229.9,211.49960220442824,33.050001827751935,0,0.0,,,,,False,no_overlap
28,60,103.725,250.05,211.49960220442824,60.627133328600145,0,0.0,,,,,False,no_overlap
28,61,103.725,183.35,211.49960220442824,43.59310897362276,0,0.0,,,,,False,no_overlap
28,63,103.725,204.65,211.49960220442824,51.24992380241591,0,0.0,,,,,False,no_overlap
28,64,103.725,340.95,211.49960220442824,44.30046537876594,0,0.0,,,,,False,no_overlap
28,65,103.725,245.85,211.49960220442824,40.9503611379082,0,0.0,,,,,False,no_overlap
28,66,103.725,171.6,211.49960220442824,51.25123900870942,0,0.0,,,,,False,no_overlap
28,67,103.725,173.6,211.49960220442824,51.14761715179862,0,0.0,,,,,False,no_overlap
28,68,103.725,241.75,211.49960220442824,41.30155506097921,0,0.0,,,,,False,no_overlap
28,69,103.725,344.5,211.49960220442824,37.20391452684906,0,0.0,,,,,False,no_overlap
28,72,103.725,245.9,211.49960220442824,58.0286548219622,0,0.0,,,,,False,no_overlap
28,74,103.725,124.7,211.49960220442824,48.47646491221749,0,0.0,,,,,False,no_overlap
28,75,103.725,272.9,211.49960220442824,60.2485523431312,0,0.0,,,,,False,no_overlap
28,78,103.725,344.6,211.49960220442824,53.755454478536365,0,0.0,,,,,False,no_overlap
28,79,103.725,193.25,211.49960220442824,69.30115338864515,0,0.0,,,,,False,no_overlap
28,80,103.725,229.8,211.49960220442824,68.89805991475131,0,0.0,,,,,False,no_overlap
28,82,103.725,375.05,211.49960220442824,53.42203473535585,0,0.0,,,,,False,no_overlap
28,92,103.725,59.25,211.49960220442824,12.241287111310728,0,0.0,,,,,False,no_overlap
32,35,136.9,251.0,221.66364801401906,218.95014446443716,51,50.0,,,,,False,overlap_too_short
32,39,136.9,124.7,221.66364801401906,24.583195345874117,0,0.0,,,,,False,no_overlap
32,40,136.9,170.5,221.66364801401906,50.378164918888785,0,0.0,,,,,False,no_overlap
32,41,136.9,375.1,221.66364801401906,42.76265252244343,0,0.0,,,,,False,no_overlap
32,42,136.9,408.9,221.66364801401906,15.048990224113822,0,0.0,,,,,False,no_overlap
32,43,136.9,148.8,221.66364801401906,20.247409204110454,0,0.0,,,,,False,no_overlap
32,44,136.9,344.65,221.66364801401906,16.89969934720159,0,0.0,,,,,False,no_overlap
32,45,136.9,159.85,221.66364801401906,38.8931407026601,0,0.0,,,,,False,no_overlap
32,46,136.9,193.2,221.66364801401906,35.85000243700914,0,0.0,,,,,False,no_overlap
32,47,136.9,238.7,221.66364801401906,52.25110962803621,0,0.0,,,,,False,no_overlap
32,48,136.9,175.7,221.66364801401906,44.35809221115328,0,0.0,,,,,False,no_overlap
32,50,136.9,148.15,221.66364801401906,28.149354226388194,0,0.0,,,,,False,no_overlap
32,51,136.9,210.85,221.66364801401906,51.96171092326851,0,0.0,,,,,False,no_overlap
32,54,136.9,103.35,221.66364801401906,54.694590775155234,0,0.0,,,,,False,no_overlap
32,55,136.9,159.15,221.66364801401906,43.35091859042569,0,0.0,,,,,False,no_overlap
32,57,136.9,295.5,221.66364801401906,51.85262629057717,0,0.0,,,,,False,no_overlap
32,58,136.9,152.25,221.66364801401906,57.31341304911877,0,0.0,,,,,False,no_overlap
32,59,136.9,229.9,221.66364801401906,33.050001827751935,0,0.0,,,,,False,no_overlap
32,60,136.9,250.05,221.66364801401906,60.627133328600145,0,0.0,,,,,False,no_overlap
32,61,136.9,183.35,221.66364801401906,43.59310897362276,0,0.0,,,,,False,no_overlap
32,63,136.9,204.65,221.66364801401906,51.24992380241591,0,0.0,,,,,False,no_overlap
32,64,136.9,340.95,221.66364801401906,44.30046537876594,0,0.0,,,,,False,no_overlap
32,65,136.9,245.85,221.66364801401906,40.9503611379082,0,0.0,,,,,False,no_overlap
32,66,136.9,171.6,221.66364801401906,51.25123900870942,0,0.0,,,,,False,no_overlap
32,67,136.9,173.6,221.66364801401906,51.14761715179862,0,0.0,,,,,False,no_overlap
32,68,136.9,241.75,221.66364801401906,41.30155506097921,0,0.0,,,,,False,no_overlap
32,69,136.9,344.5,221.66364801401906,37.20391452684906,0,0.0,,,,,False,no_overlap
32,72,136.9,245.9,221.66364801401906,58.0286548219622,0,0.0,,,,,False,no_overlap
32,74,136.9,124.7,221.66364801401906,48.47646491221749,0,0.0,,,,,False,no_overlap
32,75,136.9,272.9,221.66364801401906,60.2485523431312,0,0.0,,,,,False,no_overlap
32,78,136.9,344.6,221.66364801401906,53.755454478536365,0,0.0,,,,,False,no_overlap
32,79,136.9,193.25,221.66364801401906,69.30115338864515,0,0.0,,,,,False,no_overlap
32,80,136.9,229.8,221.66364801401906,68.89805991475131,0,0.0,,,,,False,no_overlap
32,82,136.9,375.05,221.66364801401906,53.42203473535585,0,0.0,,,,,False,no_overlap
32,92,136.9,59.25,221.66364801401906,12.241287111310728,0,0.0,,,,,False,no_overlap
35,39,251.0,124.7,218.95014446443716,24.583195345874117,0,0.0,,,,,False,no_overlap
35,40,251.0,170.5,218.95014446443716,50.378164918888785,0,0.0,,,,,False,no_overlap
35,41,251.0,375.1,218.95014446443716,42.76265252244343,0,0.0,,,,,False,no_overlap
35,42,251.0,408.9,218.95014446443716,15.048990224113822,0,0.0,,,,,False,no_overlap
35,43,251.0,148.8,218.95014446443716,20.247409204110454,0,0.0,,,,,False,no_overlap
35,44,251.0,344.65,218.95014446443716,16.89969934720159,0,0.0,,,,,False,no_overlap
35,45,251.0,159.85,218.95014446443716,38.8931407026601,0,0.0,,,,,False,no_overlap
35,46,251.0,193.2,218.95014446443716,35.85000243700914,0,0.0,,,,,False,no_overlap
35,47,251.0,238.7,218.95014446443716,52.25110962803621,0,0.0,,,,,False,no_overlap
35,48,251.0,175.7,218.95014446443716,44.35809221115328,0,0.0,,,,,False,no_overlap
35,50,251.0,148.15,218.95014446443716,28.149354226388194,0,0.0,,,,,False,no_overlap
35,51,251.0,210.85,218.95014446443716,51.96171092326851,0,0.0,,,,,False,no_overlap
35,54,251.0,103.35,218.95014446443716,54.694590775155234,0,0.0,,,,,False,no_overlap
35,55,251.0,159.15,218.95014446443716,43.35091859042569,0,0.0,,,,,False,no_overlap
35,57,251.0,295.5,218.95014446443716,51.85262629057717,0,0.0,,,,,False,no_overlap
35,58,251.0,152.25,218.95014446443716,57.31341304911877,0,0.0,,,,,False,no_overlap
35,59,251.0,229.9,218.95014446443716,33.050001827751935,0,0.0,,,,,False,no_overlap
35,60,251.0,250.05,218.95014446443716,60.627133328600145,0,0.0,,,,,False,no_overlap
35,61,251.0,183.35,218.95014446443716,43.59310897362276,0,0.0,,,,,False,no_overlap
35,63,251.0,204.65,218.95014446443716,51.24992380241591,0,0.0,,,,,False,no_overlap
35,64,251.0,340.95,218.95014446443716,44.30046537876594,0,0.0,,,,,False,no_overlap
35,65,251.0,245.85,218.95014446443716,40.9503611379082,0,0.0,,,,,False,no_overlap
35,66,251.0,171.6,218.95014446443716,51.25123900870942,0,0.0,,,,,False,no_overlap
35,67,251.0,173.6,218.95014446443716,51.14761715179862,0,0.0,,,,,False,no_overlap
35,68,251.0,241.75,218.95014446443716,41.30155506097921,0,0.0,,,,,False,no_overlap
35,69,251.0,344.5,218.95014446443716,37.20391452684906,0,0.0,,,,,False,no_overlap
35,72,251.0,245.9,218.95014446443716,58.0286548219622,0,0.0,,,,,False,no_overlap
35,74,251.0,124.7,218.95014446443716,48.47646491221749,0,0.0,,,,,False,no_overlap
35,75,251.0,272.9,218.95014446443716,60.2485523431312,0,0.0,,,,,False,no_overlap
35,78,251.0,344.6,218.95014446443716,53.755454478536365,0,0.0,,,,,False,no_overlap
35,79,251.0,193.25,218.95014446443716,69.30115338864515,0,0.0,,,,,False,no_overlap
35,80,251.0,229.8,218.95014446443716,68.89805991475131,0,0.0,,,,,False,no_overlap
35,82,251.0,375.05,218.95014446443716,53.42203473535585,0,0.0,,,,,False,no_overlap
35,92,251.0,59.25,218.95014446443716,12.241287111310728,0,0.0,,,,,False,no_overlap
39,40,124.7,170.5,24.583195345874117,50.378164918888785,124,123.0,19.120937982974585,12.773773110423718,46.0978700974574,0.5040670218223975,False,diff_too_large
39,41,124.7,375.1,24.583195345874117,42.76265252244343,122,121.0,20.610935464336393,16.642287898266943,44.77100938717042,0.5087016750855106,False,diff_too_large
39,42,124.7,408.9,24.583195345874117,15.048990224113822,45,44.0,,,,,False,overlap_too_short
39,43,124.7,148.8,24.583195345874117,20.247409204110454,110,109.0,26.179372894859934,13.294344335900036,63.01945559968271,0.4698453443602646,False,diff_too_large
39,44,124.7,344.65,24.583195345874117,16.89969934720159,52,51.0,,,,,False,overlap_too_short
39,45,124.7,159.85,24.583195345874117,38.8931407026601,108,107.0,16.80055254518172,15.67822003183376,35.97303799494291,0.5813972623009309,False,diff_too_large
39,46,124.7,193.2,24.583195345874117,35.85000243700914,107,106.0,17.300278085598332,12.207118893177068,39.34366920435267,0.5598816461771294,False,diff_too_large
39,47,124.7,238.7,24.583195345874117,52.25110962803621,105,104.0,16.892975373530454,12.258239756522187,37.388655287756244,0.566160711757288,False,diff_too_large
39,48,124.7,175.7,24.583195345874117,44.35809221115328,104,103.0,19.005637916486798,12.790560990517832,44.24015371324746,0.3416286751427661,False,diff_too_large
39,50,124.7,148.15,24.583195345874117,28.149354226388194,55,54.0,,,,,False,overlap_too_short
39,51,124.7,210.85,24.583195345874117,51.96171092326851,95,94.0,,,,,False,overlap_too_short
39,54,124.7,103.35,24.583195345874117,54.694590775155234,48,47.0,,,,,False,overlap_too_short
39,55,124.7,159.15,24.583195345874117,43.35091859042569,89,88.0,,,,,False,overlap_too_short
39,57,124.7,295.5,24.583195345874117,51.85262629057717,88,87.0,,,,,False,overlap_too_short
39,58,124.7,152.25,24.583195345874117,57.31341304911877,81,80.0,,,,,False,overlap_too_short
39,59,124.7,229.9,24.583195345874117,33.050001827751935,65,64.0,,,,,False,overlap_too_short
39,60,124.7,250.05,24.583195345874117,60.627133328600145,79,78.0,,,,,False,overlap_too_short
39,61,124.7,183.35,24.583195345874117,43.59310897362276,79,78.0,,,,,False,overlap_too_short
39,63,124.7,204.65,24.583195345874117,51.24992380241591,70,69.0,,,,,False,overlap_too_short
39,64,124.7,340.95,24.583195345874117,44.30046537876594,66,65.0,,,,,False,overlap_too_short
39,65,124.7,245.85,24.583195345874117,40.9503611379082,58,57.0,,,,,False,overlap_too_short
39,66,124.7,171.6,24.583195345874117,51.25123900870942,57,56.0,,,,,False,overlap_too_short
39,67,124.7,173.6,24.583195345874117,51.14761715179862,54,53.0,,,,,False,overlap_too_short
39,68,124.7,241.75,24.583195345874117,41.30155506097921,54,53.0,,,,,False,overlap_too_short
39,69,124.7,344.5,24.583195345874117,37.20391452684906,53,52.0,,,,,False,overlap_too_short
39,72,124.7,245.9,24.583195345874117,58.0286548219622,0,0.0,,,,,False,no_overlap
39,74,124.7,124.7,24.583195345874117,48.47646491221749,0,0.0,,,,,False,no_overlap
39,75,124.7,272.9,24.583195345874117,60.2485523431312,0,0.0,,,,,False,no_overlap
39,78,124.7,344.6,24.583195345874117,53.755454478536365,0,0.0,,,,,False,no_overlap
39,79,124.7,193.25,24.583195345874117,69.30115338864515,0,0.0,,,,,False,no_overlap
39,80,124.7,229.8,24.583195345874117,68.89805991475131,0,0.0,,,,,False,no_overlap
39,82,124.7,375.05,24.583195345874117,53.42203473535585,0,0.0,,,,,False,no_overlap
39,92,124.7,59.25,24.583195345874117,12.241287111310728,0,0.0,,,,,False,no_overlap
40,41,170.5,375.1,50.378164918888785,42.76265252244343,209,208.0,8.866622962649863,7.196971329603457,20.12553155871906,0.8943350807692005,True,ok
40,42,170.5,408.9,50.378164918888785,15.048990224113822,45,44.0,,,,,False,overlap_too_short
40,43,170.5,148.8,50.378164918888785,20.247409204110454,200,199.0,23.575996076583106,14.306601632685442,62.39201544945429,0.8010848827060238,False,diff_too_large
40,44,170.5,344.65,50.378164918888785,16.89969934720159,52,51.0,,,,,False,overlap_too_short
40,45,170.5,159.85,50.378164918888785,38.8931407026601,143,142.0,11.833271778155622,9.395513484023411,26.798365777333046,0.5981002784891589,True,ok
40,46,170.5,193.2,50.378164918888785,35.85000243700914,136,135.0,8.714159657801217,7.650007484465789,20.355607080542086,0.7811204340743136,True,ok
40,47,170.5,238.7,50.378164918888785,52.25110962803621,267,266.0,10.906288573358413,7.900305961862131,22.572768203061667,0.786897478561443,True,ok
40,48,170.5,175.7,50.378164918888785,44.35809221115328,213,212.0,9.531205642638348,6.935715952448476,19.878209896709812,0.714530405315731,True,ok
40,50,170.5,148.15,50.378164918888785,28.149354226388194,55,54.0,,,,,False,overlap_too_short
40,51,170.5,210.85,50.378164918888785,51.96171092326851,238,237.0,12.417000770977609,9.412264292800884,26.379741912667157,0.6675180059502935,True,ok
40,54,170.5,103.35,50.378164918888785,54.694590775155234,48,47.0,,,,,False,overlap_too_short
40,55,170.5,159.15,50.378164918888785,43.35091859042569,196,195.0,14.889409516420761,8.73158189586674,34.6811563567732,0.31964377590327026,True,ok
40,57,170.5,295.5,50.378164918888785,51.85262629057717,215,214.0,8.485041212828595,7.499024543698937,17.76163125482293,0.8136028119823715,True,ok
40,58,170.5,152.25,50.378164918888785,57.31341304911877,212,211.0,19.44366925278764,15.506771921906505,36.659507345409196,0.2865110845313901,False,diff_too_large
40,59,170.5,229.9,50.378164918888785,33.050001827751935,65,64.0,,,,,False,overlap_too_short
40,60,170.5,250.05,50.378164918888785,60.627133328600145,241,240.0,13.456181635415682,10.50044520536818,29.999038685175975,0.587070756123231,True,ok
40,61,170.5,183.35,50.378164918888785,43.59310897362276,166,165.0,10.656520934555187,8.100965654556177,28.003961263690485,0.6539334066538703,True,ok
40,63,170.5,204.65,50.378164918888785,51.24992380241591,205,204.0,12.046295533051012,9.761576941172336,25.87053659157756,0.5717468221785224,True,ok
40,64,170.5,340.95,50.378164918888785,44.30046537876594,175,174.0,10.88256300843388,8.094975118905893,25.20726307366534,0.7275884480797609,True,ok
40,65,170.5,245.85,50.378164918888785,40.9503611379082,68,67.0,,,,,False,overlap_too_short
40,66,170.5,171.6,50.378164918888785,51.25123900870942,155,154.0,8.863616633861692,6.235127706406388,18.860676236318344,0.6996784075071338,True,ok
40,67,170.5,173.6,50.378164918888785,51.14761715179862,109,108.0,8.752827829293203,7.400235120675575,17.749947653753278,0.6857099339913459,True,ok
40,68,170.5,241.75,50.378164918888785,41.30155506097921,60,59.0,,,,,False,overlap_too_short
40,69,170.5,344.5,50.378164918888785,37.20391452684906,86,85.0,,,,,False,overlap_too_short
40,72,170.5,245.9,50.378164918888785,58.0286548219622,69,68.0,,,,,False,overlap_too_short
40,74,170.5,124.7,50.378164918888785,48.47646491221749,51,50.0,,,,,False,overlap_too_short
40,75,170.5,272.9,50.378164918888785,60.2485523431312,84,83.0,,,,,False,overlap_too_short
40,78,170.5,344.6,50.378164918888785,53.755454478536365,47,46.0,,,,,False,overlap_too_short
40,79,170.5,193.25,50.378164918888785,69.30115338864515,52,51.0,,,,,False,overlap_too_short
40,80,170.5,229.8,50.378164918888785,68.89805991475131,42,41.0,,,,,False,overlap_too_short
40,82,170.5,375.05,50.378164918888785,53.42203473535585,70,69.0,,,,,False,overlap_too_short
40,92,170.5,59.25,50.378164918888785,12.241287111310728,21,20.0,,,,,False,overlap_too_short
41,42,375.1,408.9,42.76265252244343,15.048990224113822,45,44.0,,,,,False,overlap_too_short
41,43,375.1,148.8,42.76265252244343,20.247409204110454,197,196.0,22.816017934747073,15.882128654135101,57.326836837055076,0.8428199622380956,False,diff_too_large
41,44,375.1,344.65,42.76265252244343,16.89969934720159,52,51.0,,,,,False,overlap_too_short
41,45,375.1,159.85,42.76265252244343,38.8931407026601,143,142.0,13.842341450406124,11.99538348687446,29.27556211916959,0.6507792103674008,True,ok
41,46,375.1,193.2,42.76265252244343,35.85000243700914,136,135.0,10.419357266302399,8.202892765051601,21.42192140177346,0.8342949855865667,True,ok
41,47,375.1,238.7,42.76265252244343,52.25110962803621,192,191.0,7.921698837194611,6.661241471937103,16.5851826428349,0.9029693081198713,True,ok
41,48,375.1,175.7,42.76265252244343,44.35809221115328,191,190.0,9.035540264207972,8.38195777735109,17.967117139157494,0.8409318004580145,True,ok
41,50,375.1,148.15,42.76265252244343,28.149354226388194,55,54.0,,,,,False,overlap_too_short
41,51,375.1,210.85,42.76265252244343,51.96171092326851,182,181.0,10.720694444284236,8.669511091815707,23.84048558448663,0.7988504154055474,True,ok
41,54,375.1,103.35,42.76265252244343,54.694590775155234,48,47.0,,,,,False,overlap_too_short
41,55,375.1,159.15,42.76265252244343,43.35091859042569,176,175.0,12.008042766710151,9.50414923169484,25.096164114931113,0.5162369542423638,True,ok
41,57,375.1,295.5,42.76265252244343,51.85262629057717,175,174.0,8.036305814853621,7.902998768082057,15.09597803336178,0.8941310639243453,True,ok
41,58,375.1,152.25,42.76265252244343,57.31341304911877,168,167.0,24.09191223758528,18.77053111352565,37.33180268572736,0.25033753728974634,False,diff_too_large
41,59,375.1,229.9,42.76265252244343,33.050001827751935,65,64.0,,,,,False,overlap_too_short
41,60,375.1,250.05,42.76265252244343,60.627133328600145,166,165.0,10.074096007529631,8.802914076967156,21.63013379649334,0.8193352401625675,True,ok
41,61,375.1,183.35,42.76265252244343,43.59310897362276,166,165.0,11.553614354444122,8.975519500764165,25.746597524726,0.7005781933267672,True,ok
41,63,375.1,204.65,42.76265252244343,51.24992380241591,157,156.0,11.329163328584778,11.399751356675296,20.94545145867973,0.6760751877760829,True,ok
41,64,375.1,340.95,42.76265252244343,44.30046537876594,153,152.0,6.112856529266956,5.298480080645163,11.813536460537494,0.8277032537909124,True,ok
41,65,375.1,245.85,42.76265252244343,40.9503611379082,68,67.0,,,,,False,overlap_too_short
41,66,375.1,171.6,42.76265252244343,51.25123900870942,144,143.0,8.726595453459673,6.584010199363178,18.813682882596485,0.7993522760928541,True,ok
41,67,375.1,173.6,42.76265252244343,51.14761715179862,109,108.0,9.232757979783194,8.848335442185316,17.92316405137117,0.7960561470876143,True,ok
41,68,375.1,241.75,42.76265252244343,41.30155506097921,60,59.0,,,,,False,overlap_too_short
41,69,375.1,344.5,42.76265252244343,37.20391452684906,86,85.0,,,,,False,overlap_too_short
41,72,375.1,245.9,42.76265252244343,58.0286548219622,68,67.0,,,,,False,overlap_too_short
41,74,375.1,124.7,42.76265252244343,48.47646491221749,51,50.0,,,,,False,overlap_too_short
41,75,375.1,272.9,42.76265252244343,60.2485523431312,56,55.0,,,,,False,overlap_too_short
41,78,375.1,344.6,42.76265252244343,53.755454478536365,43,42.0,,,,,False,overlap_too_short
41,79,375.1,193.25,42.76265252244343,69.30115338864515,36,35.0,,,,,False,overlap_too_short
41,80,375.1,229.8,42.76265252244343,68.89805991475131,24,23.0,,,,,False,overlap_too_short
41,82,375.1,375.05,42.76265252244343,53.42203473535585,0,0.0,,,,,False,no_overlap
41,92,375.1,59.25,42.76265252244343,12.241287111310728,0,0.0,,,,,False,no_overlap
42,43,408.9,148.8,15.048990224113822,20.247409204110454,36,35.0,,,,,False,overlap_too_short
42,44,408.9,344.65,15.048990224113822,16.89969934720159,35,34.0,,,,,False,overlap_too_short
42,45,408.9,159.85,15.048990224113822,38.8931407026601,34,33.0,,,,,False,overlap_too_short
42,46,408.9,193.2,15.048990224113822,35.85000243700914,33,32.0,,,,,False,overlap_too_short
42,47,408.9,238.7,15.048990224113822,52.25110962803621,31,30.0,,,,,False,overlap_too_short
42,48,408.9,175.7,15.048990224113822,44.35809221115328,30,29.0,,,,,False,overlap_too_short
42,50,408.9,148.15,15.048990224113822,28.149354226388194,27,26.0,,,,,False,overlap_too_short
42,51,408.9,210.85,15.048990224113822,51.96171092326851,21,20.0,,,,,False,overlap_too_short
42,54,408.9,103.35,15.048990224113822,54.694590775155234,15,14.0,,,,,False,overlap_too_short
42,55,408.9,159.15,15.048990224113822,43.35091859042569,15,14.0,,,,,False,overlap_too_short
42,57,408.9,295.5,15.048990224113822,51.85262629057717,14,13.0,,,,,False,overlap_too_short
42,58,408.9,152.25,15.048990224113822,57.31341304911877,7,6.0,,,,,False,overlap_too_short
42,59,408.9,229.9,15.048990224113822,33.050001827751935,6,5.0,,,,,False,overlap_too_short
42,60,408.9,250.05,15.048990224113822,60.627133328600145,5,4.0,,,,,False,overlap_too_short
42,61,408.9,183.35,15.048990224113822,43.59310897362276,5,4.0,,,,,False,overlap_too_short
42,63,408.9,204.65,15.048990224113822,51.24992380241591,0,0.0,,,,,False,no_overlap
42,64,408.9,340.95,15.048990224113822,44.30046537876594,0,0.0,,,,,False,no_overlap
42,65,408.9,245.85,15.048990224113822,40.9503611379082,0,0.0,,,,,False,no_overlap
42,66,408.9,171.6,15.048990224113822,51.25123900870942,0,0.0,,,,,False,no_overlap
42,67,408.9,173.6,15.048990224113822,51.14761715179862,0,0.0,,,,,False,no_overlap
42,68,408.9,241.75,15.048990224113822,41.30155506097921,0,0.0,,,,,False,no_overlap
42,69,408.9,344.5,15.048990224113822,37.20391452684906,0,0.0,,,,,False,no_overlap
42,72,408.9,245.9,15.048990224113822,58.0286548219622,0,0.0,,,,,False,no_overlap
42,74,408.9,124.7,15.048990224113822,48.47646491221749,0,0.0,,,,,False,no_overlap
42,75,408.9,272.9,15.048990224113822,60.2485523431312,0,0.0,,,,,False,no_overlap
42,78,408.9,344.6,15.048990224113822,53.755454478536365,0,0.0,,,,,False,no_overlap
42,79,408.9,193.25,15.048990224113822,69.30115338864515,0,0.0,,,,,False,no_overlap
42,80,408.9,229.8,15.048990224113822,68.89805991475131,0,0.0,,,,,False,no_overlap
42,82,408.9,375.05,15.048990224113822,53.42203473535585,0,0.0,,,,,False,no_overlap
42,92,408.9,59.25,15.048990224113822,12.241287111310728,0,0.0,,,,,False,no_overlap
43,44,148.8,344.65,20.247409204110454,16.89969934720159,52,51.0,,,,,False,overlap_too_short
43,45,148.8,159.85,20.247409204110454,38.8931407026601,143,142.0,23.70501861060673,13.818287317468645,60.69941721545062,0.6314100586854345,False,diff_too_large
43,46,148.8,193.2,20.247409204110454,35.85000243700914,136,135.0,26.846402581245744,13.801344001065658,77.45117154162648,0.8171474573787062,False,diff_too_large
43,47,148.8,238.7,20.247409204110454,52.25110962803621,195,194.0,21.07841435632391,12.198224014269044,58.97195134574266,0.8535651585363985,False,diff_too_large
43,48,148.8,175.7,20.247409204110454,44.35809221115328,194,193.0,22.498863273635322,15.281708861755106,54.76219055384295,0.808175723120153,False,diff_too_large
43,50,148.8,148.15,20.247409204110454,28.149354226388194,55,54.0,,,,,False,overlap_too_short
43,51,148.8,210.85,20.247409204110454,51.96171092326851,185,184.0,23.16208205486188,15.505522862238536,54.52135399219785,0.7011277640230967,False,diff_too_large
43,54,148.8,103.35,20.247409204110454,54.694590775155234,48,47.0,,,,,False,overlap_too_short
43,55,148.8,159.15,20.247409204110454,43.35091859042569,179,178.0,26.23943451917943,16.95613366388477,66.25492655891709,0.34589709665049,False,diff_too_large
43,57,148.8,295.5,20.247409204110454,51.85262629057717,178,177.0,24.85369639549798,15.318915199241488,63.994891737620506,0.829058254621883,False,diff_too_large
43,58,148.8,152.25,20.247409204110454,57.31341304911877,171,170.0,37.61709832034681,26.259278511433962,97.12155143659862,0.3747721994322421,False,diff_too_large
43,59,148.8,229.9,20.247409204110454,33.050001827751935,65,64.0,,,,,False,overlap_too_short
43,60,148.8,250.05,20.247409204110454,60.627133328600145,169,168.0,26.067082387309743,15.707798859886736,68.37109236302163,0.6457336604218076,False,diff_too_large
43,61,148.8,183.35,20.247409204110454,43.59310897362276,166,165.0,26.515063149994855,17.18116711249165,63.36034380022895,0.5736650325608992,False,diff_too_large
43,63,148.8,204.65,20.247409204110454,51.24992380241591,160,159.0,25.778787228714123,15.078758397411946,65.85819578314698,0.5254124149735179,False,diff_too_large
43,64,148.8,340.95,20.247409204110454,44.30046537876594,156,155.0,24.948125414993637,15.753392765733082,62.19943650912259,0.6542504505321801,False,diff_too_large
43,65,148.8,245.85,20.247409204110454,40.9503611379082,68,67.0,,,,,False,overlap_too_short
43,66,148.8,171.6,20.247409204110454,51.25123900870942,147,146.0,26.255528331282864,18.19594669533211,70.54336125130489,0.48422245728656355,False,diff_too_large
43,67,148.8,173.6,20.247409204110454,51.14761715179862,109,108.0,33.774937564040656,22.535752513671895,85.92236039113553,0.405380930197602,False,diff_too_large
43,68,148.8,241.75,20.247409204110454,41.30155506097921,60,59.0,,,,,False,overlap_too_short
43,69,148.8,344.5,20.247409204110454,37.20391452684906,86,85.0,,,,,False,overlap_too_short
43,72,148.8,245.9,20.247409204110454,58.0286548219622,69,68.0,,,,,False,overlap_too_short
43,74,148.8,124.7,20.247409204110454,48.47646491221749,51,50.0,,,,,False,overlap_too_short
43,75,148.8,272.9,20.247409204110454,60.2485523431312,59,58.0,,,,,False,overlap_too_short
43,78,148.8,344.6,20.247409204110454,53.755454478536365,46,45.0,,,,,False,overlap_too_short
43,79,148.8,193.25,20.247409204110454,69.30115338864515,39,38.0,,,,,False,overlap_too_short
43,80,148.8,229.8,20.247409204110454,68.89805991475131,27,26.0,,,,,False,overlap_too_short
43,82,148.8,375.05,20.247409204110454,53.42203473535585,0,0.0,,,,,False,no_overlap
43,92,148.8,59.25,20.247409204110454,12.241287111310728,0,0.0,,,,,False,no_overlap
44,45,344.65,159.85,16.89969934720159,38.8931407026601,51,50.0,,,,,False,overlap_too_short
44,46,344.65,193.2,16.89969934720159,35.85000243700914,50,49.0,,,,,False,overlap_too_short
44,47,344.65,238.7,16.89969934720159,52.25110962803621,48,47.0,,,,,False,overlap_too_short
44,48,344.65,175.7,16.89969934720159,44.35809221115328,47,46.0,,,,,False,overlap_too_short
44,50,344.65,148.15,16.89969934720159,28.149354226388194,44,43.0,,,,,False,overlap_too_short
44,51,344.65,210.85,16.89969934720159,51.96171092326851,38,37.0,,,,,False,overlap_too_short
44,54,344.65,103.35,16.89969934720159,54.694590775155234,32,31.0,,,,,False,overlap_too_short
44,55,344.65,159.15,16.89969934720159,43.35091859042569,32,31.0,,,,,False,overlap_too_short
44,57,344.65,295.5,16.89969934720159,51.85262629057717,31,30.0,,,,,False,overlap_too_short
44,58,344.65,152.25,16.89969934720159,57.31341304911877,24,23.0,,,,,False,overlap_too_short
44,59,344.65,229.9,16.89969934720159,33.050001827751935,23,22.0,,,,,False,overlap_too_short
44,60,344.65,250.05,16.89969934720159,60.627133328600145,22,21.0,,,,,False,overlap_too_short
44,61,344.65,183.35,16.89969934720159,43.59310897362276,22,21.0,,,,,False,overlap_too_short
44,63,344.65,204.65,16.89969934720159,51.24992380241591,13,12.0,,,,,False,overlap_too_short
44,64,344.65,340.95,16.89969934720159,44.30046537876594,9,8.0,,,,,False,overlap_too_short
44,65,344.65,245.85,16.89969934720159,40.9503611379082,0,0.0,,,,,False,no_overlap
44,66,344.65,171.6,16.89969934720159,51.25123900870942,0,0.0,,,,,False,no_overlap
44,67,344.65,173.6,16.89969934720159,51.14761715179862,0,0.0,,,,,False,no_overlap
44,68,344.65,241.75,16.89969934720159,41.30155506097921,0,0.0,,,,,False,no_overlap
44,69,344.65,344.5,16.89969934720159,37.20391452684906,0,0.0,,,,,False,no_overlap
44,72,344.65,245.9,16.89969934720159,58.0286548219622,0,0.0,,,,,False,no_overlap
44,74,344.65,124.7,16.89969934720159,48.47646491221749,0,0.0,,,,,False,no_overlap
44,75,344.65,272.9,16.89969934720159,60.2485523431312,0,0.0,,,,,False,no_overlap
44,78,344.65,344.6,16.89969934720159,53.755454478536365,0,0.0,,,,,False,no_overlap
44,79,344.65,193.25,16.89969934720159,69.30115338864515,0,0.0,,,,,False,no_overlap
44,80,344.65,229.8,16.89969934720159,68.89805991475131,0,0.0,,,,,False,no_overlap
44,82,344.65,375.05,16.89969934720159,53.42203473535585,0,0.0,,,,,False,no_overlap
44,92,344.65,59.25,16.89969934720159,12.241287111310728,0,0.0,,,,,False,no_overlap
45,46,159.85,193.2,38.8931407026601,35.85000243700914,136,135.0,10.356504566838126,8.511878169507881,25.154349384398657,0.7100832075888872,True,ok
45,47,159.85,238.7,38.8931407026601,52.25110962803621,140,139.0,9.300685804658405,7.133062919745953,18.879946791272513,0.7444274491505251,True,ok
45,48,159.85,175.7,38.8931407026601,44.35809221115328,139,138.0,10.698317892406624,8.628159238684702,22.806928014514227,0.6767120089763894,True,ok
45,50,159.85,148.15,38.8931407026601,28.149354226388194,55,54.0,,,,,False,overlap_too_short
45,51,159.85,210.85,38.8931407026601,51.96171092326851,130,129.0,12.897885109086044,11.28262007587854,28.59749681593472,0.5006157877618805,True,ok
45,54,159.85,103.35,38.8931407026601,54.694590775155234,48,47.0,,,,,False,overlap_too_short
45,55,159.85,159.15,38.8931407026601,43.35091859042569,124,123.0,8.381813707474969,6.432131236603325,16.395638907556425,0.7460161382729884,True,ok
45,57,159.85,295.5,38.8931407026601,51.85262629057717,123,122.0,10.427206157786527,8.115839268023535,21.962883624199293,0.5397855000737858,True,ok
45,58,159.85,152.25,38.8931407026601,57.31341304911877,116,115.0,24.805825422128795,17.264734811321816,48.72668106126598,0.05278086093950278,False,diff_too_large
45,59,159.85,229.9,38.8931407026601,33.050001827751935,65,64.0,,,,,False,overlap_too_short
45,60,159.85,250.05,38.8931407026601,60.627133328600145,114,113.0,10.356673774170218,8.172061080769282,22.533476620857094,0.608792796071789,True,ok
45,61,159.85,183.35,38.8931407026601,43.59310897362276,114,113.0,10.819316188150829,7.654573181399925,24.895058376302305,0.5094799075984119,True,ok
45,63,159.85,204.65,38.8931407026601,51.24992380241591,105,104.0,9.543700128268455,6.993094112737424,22.25680726212973,0.47123562480383546,True,ok
45,64,159.85,340.95,38.8931407026601,44.30046537876594,101,100.0,13.551787853340942,11.778218774318418,27.107375897698205,0.37922346603467216,True,ok
45,65,159.85,245.85,38.8931407026601,40.9503611379082,68,67.0,,,,,False,overlap_too_short
45,66,159.85,171.6,38.8931407026601,51.25123900870942,92,91.0,,,,,False,overlap_too_short
45,67,159.85,173.6,38.8931407026601,51.14761715179862,89,88.0,,,,,False,overlap_too_short
45,68,159.85,241.75,38.8931407026601,41.30155506097921,60,59.0,,,,,False,overlap_too_short
45,69,159.85,344.5,38.8931407026601,37.20391452684906,86,85.0,,,,,False,overlap_too_short
45,72,159.85,245.9,38.8931407026601,58.0286548219622,16,15.0,,,,,False,overlap_too_short
45,74,159.85,124.7,38.8931407026601,48.47646491221749,9,8.0,,,,,False,overlap_too_short
45,75,159.85,272.9,38.8931407026601,60.2485523431312,4,3.0,,,,,False,overlap_too_short
45,78,159.85,344.6,38.8931407026601,53.755454478536365,0,0.0,,,,,False,no_overlap
45,79,159.85,193.25,38.8931407026601,69.30115338864515,0,0.0,,,,,False,no_overlap
45,80,159.85,229.8,38.8931407026601,68.89805991475131,0,0.0,,,,,False,no_overlap
45,82,159.85,375.05,38.8931407026601,53.42203473535585,0,0.0,,,,,False,no_overlap
45,92,159.85,59.25,38.8931407026601,12.241287111310728,0,0.0,,,,,False,no_overlap
46,47,193.2,238.7,35.85000243700914,52.25110962803621,134,133.0,6.314006034847332,4.489672658754301,14.347101025091783,0.875229550928402,True,ok
46,48,193.2,175.7,35.85000243700914,44.35809221115328,133,132.0,8.686825620487912,5.598408695993328,19.817532363397998,0.7248726385558314,True,ok
46,50,193.2,148.15,35.85000243700914,28.149354226388194,55,54.0,,,,,False,overlap_too_short
46,51,193.2,210.85,35.85000243700914,51.96171092326851,124,123.0,10.647922854236917,7.31702952665708,20.39529901790702,0.4759283648964215,True,ok
46,54,193.2,103.35,35.85000243700914,54.694590775155234,48,47.0,,,,,False,overlap_too_short
46,55,193.2,159.15,35.85000243700914,43.35091859042569,118,117.0,12.628715271572476,10.116425613366715,24.212495984521446,0.3770623199331833,True,ok
46,57,193.2,295.5,35.85000243700914,51.85262629057717,117,116.0,7.279159178104277,5.099998826022414,15.329986949590575,0.811540078333768,True,ok
46,58,193.2,152.25,35.85000243700914,57.31341304911877,110,109.0,24.12730185988156,16.084811957296864,41.48928685651439,0.10940428431313214,False,diff_too_large
46,59,193.2,229.9,35.85000243700914,33.050001827751935,65,64.0,,,,,False,overlap_too_short
46,60,193.2,250.05,35.85000243700914,60.627133328600145,108,107.0,8.05116777091206,4.640071351246675,16.543125084007997,0.6828967185633352,True,ok
46,61,193.2,183.35,35.85000243700914,43.59310897362276,108,107.0,10.682147411562235,7.137991731665423,24.892612052929348,0.49835386323431335,True,ok
46,63,193.2,204.65,35.85000243700914,51.24992380241591,99,98.0,,,,,False,overlap_too_short
46,64,193.2,340.95,35.85000243700914,44.30046537876594,95,94.0,,,,,False,overlap_too_short
46,65,193.2,245.85,35.85000243700914,40.9503611379082,68,67.0,,,,,False,overlap_too_short
46,66,193.2,171.6,35.85000243700914,51.25123900870942,86,85.0,,,,,False,overlap_too_short
46,67,193.2,173.6,35.85000243700914,51.14761715179862,83,82.0,,,,,False,overlap_too_short
46,68,193.2,241.75,35.85000243700914,41.30155506097921,60,59.0,,,,,False,overlap_too_short
46,69,193.2,344.5,35.85000243700914,37.20391452684906,82,81.0,,,,,False,overlap_too_short
46,72,193.2,245.9,35.85000243700914,58.0286548219622,10,9.0,,,,,False,overlap_too_short
46,74,193.2,124.7,35.85000243700914,48.47646491221749,3,2.0,,,,,False,overlap_too_short
46,75,193.2,272.9,35.85000243700914,60.2485523431312,0,0.0,,,,,False,no_overlap
46,78,193.2,344.6,35.85000243700914,53.755454478536365,0,0.0,,,,,False,no_overlap
46,79,193.2,193.25,35.85000243700914,69.30115338864515,0,0.0,,,,,False,no_overlap
46,80,193.2,229.8,35.85000243700914,68.89805991475131,0,0.0,,,,,False,no_overlap
46,82,193.2,375.05,35.85000243700914,53.42203473535585,0,0.0,,,,,False,no_overlap
46,92,193.2,59.25,35.85000243700914,12.241287111310728,0,0.0,,,,,False,no_overlap
47,48,238.7,175.7,52.25110962803621,44.35809221115328,213,212.0,7.758925556234321,5.179242070546508,15.484285375188213,0.7571760676196717,True,ok
47,50,238.7,148.15,52.25110962803621,28.149354226388194,55,54.0,,,,,False,overlap_too_short
47,51,238.7,210.85,52.25110962803621,51.96171092326851,238,237.0,9.349485401705085,6.304218432528785,22.932513940381295,0.8032434656523031,True,ok
47,54,238.7,103.35,52.25110962803621,54.694590775155234,48,47.0,,,,,False,overlap_too_short
47,55,238.7,159.15,52.25110962803621,43.35091859042569,196,195.0,14.019860218133324,9.582724990270904,26.320765974816425,0.34394976347436734,True,ok
47,57,238.7,295.5,52.25110962803621,51.85262629057717,215,214.0,5.497548002851778,4.499794302569569,11.269871640201647,0.8935031366178603,True,ok
47,58,238.7,152.25,52.25110962803621,57.31341304911877,212,211.0,19.02512206846097,13.858712141537978,34.21589677263658,0.12707644345426286,False,diff_too_large
47,59,238.7,229.9,52.25110962803621,33.050001827751935,65,64.0,,,,,False,overlap_too_short
47,60,238.7,250.05,52.25110962803621,60.627133328600145,246,245.0,7.573415142031864,5.087095886673197,17.956576986909425,0.8151739435283168,True,ok
47,61,238.7,183.35,52.25110962803621,43.59310897362276,166,165.0,10.147020400341647,6.256721580549396,26.975814083181618,0.6119195978007667,True,ok
47,63,238.7,204.65,52.25110962803621,51.24992380241591,205,204.0,7.1578198487150875,6.286213929405335,14.412044553033454,0.8373868054294311,True,ok
47,64,238.7,340.95,52.25110962803621,44.30046537876594,175,174.0,8.589086326938306,7.901564827890638,17.56795203151278,0.752105491642875,True,ok
47,65,238.7,245.85,52.25110962803621,40.9503611379082,68,67.0,,,,,False,overlap_too_short
47,66,238.7,171.6,52.25110962803621,51.25123900870942,155,154.0,7.9236741498111405,5.7308645760523405,16.369752529344556,0.7486804710572079,True,ok
47,67,238.7,173.6,52.25110962803621,51.14761715179862,109,108.0,8.850293957399915,7.996612066898791,18.61257804570751,0.6521244776206622,True,ok
47,68,238.7,241.75,52.25110962803621,41.30155506097921,60,59.0,,,,,False,overlap_too_short
47,69,238.7,344.5,52.25110962803621,37.20391452684906,86,85.0,,,,,False,overlap_too_short
47,72,238.7,245.9,52.25110962803621,58.0286548219622,69,68.0,,,,,False,overlap_too_short
47,74,238.7,124.7,52.25110962803621,48.47646491221749,51,50.0,,,,,False,overlap_too_short
47,75,238.7,272.9,52.25110962803621,60.2485523431312,84,83.0,,,,,False,overlap_too_short
47,78,238.7,344.6,52.25110962803621,53.755454478536365,47,46.0,,,,,False,overlap_too_short
47,79,238.7,193.25,52.25110962803621,69.30115338864515,52,51.0,,,,,False,overlap_too_short
47,80,238.7,229.8,52.25110962803621,68.89805991475131,42,41.0,,,,,False,overlap_too_short
47,82,238.7,375.05,52.25110962803621,53.42203473535585,70,69.0,,,,,False,overlap_too_short
47,92,238.7,59.25,52.25110962803621,12.241287111310728,26,25.0,,,,,False,overlap_too_short
48,50,175.7,148.15,44.35809221115328,28.149354226388194,55,54.0,,,,,False,overlap_too_short
48,51,175.7,210.85,44.35809221115328,51.96171092326851,204,203.0,10.290372132373804,6.009225557817942,27.194215508056125,0.637622862682994,True,ok
48,54,175.7,103.35,44.35809221115328,54.694590775155234,48,47.0,,,,,False,overlap_too_short
48,55,175.7,159.15,44.35809221115328,43.35091859042569,196,195.0,15.577752360574207,12.07537902552913,29.004585701444512,0.3263774557913104,False,diff_too_large
48,57,175.7,295.5,44.35809221115328,51.85262629057717,197,196.0,7.767778113053154,5.600200132827126,15.17917438068727,0.7074411557068923,True,ok
48,58,175.7,152.25,44.35809221115328,57.31341304911877,190,189.0,19.142176940543532,11.281687881047375,39.613995244475916,0.2181236655475888,False,diff_too_large
48,59,175.7,229.9,44.35809221115328,33.050001827751935,65,64.0,,,,,False,overlap_too_short
48,60,175.7,250.05,44.35809221115328,60.627133328600145,188,187.0,10.468171012287327,8.288630989226036,23.021454056865643,0.6019650621394687,True,ok
48,61,175.7,183.35,44.35809221115328,43.59310897362276,166,165.0,10.750115524180803,7.53464641396161,26.546360635825636,0.6359237489594255,True,ok
48,63,175.7,204.65,44.35809221115328,51.24992380241591,179,178.0,12.10319763337378,9.31620111600921,26.37414769969416,0.4002940235658723,True,ok
48,64,175.7,340.95,44.35809221115328,44.30046537876594,175,174.0,10.949601436529207,8.526218084258915,21.160635750555933,0.4646337292620579,True,ok
48,65,175.7,245.85,44.35809221115328,40.9503611379082,68,67.0,,,,,False,overlap_too_short
48,66,175.7,171.6,44.35809221115328,51.25123900870942,155,154.0,10.35551468128106,7.691059280417335,27.944534268126013,0.5467735935125826,True,ok
48,67,175.7,173.6,44.35809221115328,51.14761715179862,109,108.0,9.457283090752135,7.713241587161235,20.746891270182115,0.5601237205664277,True,ok
48,68,175.7,241.75,44.35809221115328,41.30155506097921,60,59.0,,,,,False,overlap_too_short
48,69,175.7,344.5,44.35809221115328,37.20391452684906,86,85.0,,,,,False,overlap_too_short
48,72,175.7,245.9,44.35809221115328,58.0286548219622,69,68.0,,,,,False,overlap_too_short
48,74,175.7,124.7,44.35809221115328,48.47646491221749,51,50.0,,,,,False,overlap_too_short
48,75,175.7,272.9,44.35809221115328,60.2485523431312,78,77.0,,,,,False,overlap_too_short
48,78,175.7,344.6,44.35809221115328,53.755454478536365,47,46.0,,,,,False,overlap_too_short
48,79,175.7,193.25,44.35809221115328,69.30115338864515,52,51.0,,,,,False,overlap_too_short
48,80,175.7,229.8,44.35809221115328,68.89805991475131,42,41.0,,,,,False,overlap_too_short
48,82,175.7,375.05,44.35809221115328,53.42203473535585,18,17.0,,,,,False,overlap_too_short
48,92,175.7,59.25,44.35809221115328,12.241287111310728,0,0.0,,,,,False,no_overlap
50,51,148.15,210.85,28.149354226388194,51.96171092326851,49,48.0,,,,,False,overlap_too_short
50,54,148.15,103.35,28.149354226388194,54.694590775155234,43,42.0,,,,,False,overlap_too_short
50,55,148.15,159.15,28.149354226388194,43.35091859042569,43,42.0,,,,,False,overlap_too_short
50,57,148.15,295.5,28.149354226388194,51.85262629057717,42,41.0,,,,,False,overlap_too_short
50,58,148.15,152.25,28.149354226388194,57.31341304911877,35,34.0,,,,,False,overlap_too_short
50,59,148.15,229.9,28.149354226388194,33.050001827751935,34,33.0,,,,,False,overlap_too_short
50,60,148.15,250.05,28.149354226388194,60.627133328600145,33,32.0,,,,,False,overlap_too_short
50,61,148.15,183.35,28.149354226388194,43.59310897362276,33,32.0,,,,,False,overlap_too_short
50,63,148.15,204.65,28.149354226388194,51.24992380241591,24,23.0,,,,,False,overlap_too_short
50,64,148.15,340.95,28.149354226388194,44.30046537876594,20,19.0,,,,,False,overlap_too_short
50,65,148.15,245.85,28.149354226388194,40.9503611379082,12,11.0,,,,,False,overlap_too_short
50,66,148.15,171.6,28.149354226388194,51.25123900870942,11,10.0,,,,,False,overlap_too_short
50,67,148.15,173.6,28.149354226388194,51.14761715179862,8,7.0,,,,,False,overlap_too_short
50,68,148.15,241.75,28.149354226388194,41.30155506097921,8,7.0,,,,,False,overlap_too_short
50,69,148.15,344.5,28.149354226388194,37.20391452684906,7,6.0,,,,,False,overlap_too_short
50,72,148.15,245.9,28.149354226388194,58.0286548219622,0,0.0,,,,,False,no_overlap
50,74,148.15,124.7,28.149354226388194,48.47646491221749,0,0.0,,,,,False,no_overlap
50,75,148.15,272.9,28.149354226388194,60.2485523431312,0,0.0,,,,,False,no_overlap
50,78,148.15,344.6,28.149354226388194,53.755454478536365,0,0.0,,,,,False,no_overlap
50,79,148.15,193.25,28.149354226388194,69.30115338864515,0,0.0,,,,,False,no_overlap
50,80,148.15,229.8,28.149354226388194,68.89805991475131,0,0.0,,,,,False,no_overlap
50,82,148.15,375.05,28.149354226388194,53.42203473535585,0,0.0,,,,,False,no_overlap
50,92,148.15,59.25,28.149354226388194,12.241287111310728,0,0.0,,,,,False,no_overlap
51,54,210.85,103.35,51.96171092326851,54.694590775155234,48,47.0,,,,,False,overlap_too_short
51,55,210.85,159.15,51.96171092326851,43.35091859042569,196,195.0,17.8317181987372,12.450053250198081,38.40339423509512,0.2632577467492002,False,diff_too_large
51,57,210.85,295.5,51.96171092326851,51.85262629057717,215,214.0,8.747804564804543,6.093780068772816,21.306180333979437,0.7986297720293163,True,ok
51,58,210.85,152.25,51.96171092326851,57.31341304911877,212,211.0,21.312815058028814,14.679293160314216,40.829983978207025,0.18677300048184792,False,diff_too_large
51,59,210.85,229.9,51.96171092326851,33.050001827751935,65,64.0,,,,,False,overlap_too_short
51,60,210.85,250.05,51.96171092326851,60.627133328600145,222,221.0,11.523623504023515,8.156101261695952,27.8565511031533,0.6910719295924957,True,ok
51,61,210.85,183.35,51.96171092326851,43.59310897362276,166,165.0,14.137208093057483,9.277832181340173,35.45361196445782,0.5015731994087445,True,ok
51,63,210.85,204.65,51.96171092326851,51.24992380241591,205,204.0,9.566218571541793,7.400169719334713,22.97487014622643,0.7606857408828952,True,ok
51,64,210.85,340.95,51.96171092326851,44.30046537876594,175,174.0,12.153886207144584,9.894719838323454,24.73574262385608,0.7602305466205614,True,ok
51,65,210.85,245.85,51.96171092326851,40.9503611379082,68,67.0,,,,,False,overlap_too_short
51,66,210.85,171.6,51.96171092326851,51.25123900870942,155,154.0,10.02705778632864,7.923473208045408,20.57013056257306,0.7156876694553417,True,ok
51,67,210.85,173.6,51.96171092326851,51.14761715179862,109,108.0,12.221898390975342,8.606326496249352,31.469471147554028,0.3022426299217346,True,ok
51,68,210.85,241.75,51.96171092326851,41.30155506097921,60,59.0,,,,,False,overlap_too_short
51,69,210.85,344.5,51.96171092326851,37.20391452684906,86,85.0,,,,,False,overlap_too_short
51,72,210.85,245.9,51.96171092326851,58.0286548219622,69,68.0,,,,,False,overlap_too_short
51,74,210.85,124.7,51.96171092326851,48.47646491221749,51,50.0,,,,,False,overlap_too_short
51,75,210.85,272.9,51.96171092326851,60.2485523431312,84,83.0,,,,,False,overlap_too_short
51,78,210.85,344.6,51.96171092326851,53.755454478536365,47,46.0,,,,,False,overlap_too_short
51,79,210.85,193.25,51.96171092326851,69.30115338864515,52,51.0,,,,,False,overlap_too_short
51,80,210.85,229.8,51.96171092326851,68.89805991475131,42,41.0,,,,,False,overlap_too_short
51,82,210.85,375.05,51.96171092326851,53.42203473535585,52,51.0,,,,,False,overlap_too_short
51,92,210.85,59.25,51.96171092326851,12.241287111310728,2,1.0,,,,,False,overlap_too_short
54,55,103.35,159.15,54.694590775155234,43.35091859042569,48,47.0,,,,,False,overlap_too_short
54,57,103.35,295.5,54.694590775155234,51.85262629057717,47,46.0,,,,,False,overlap_too_short
54,58,103.35,152.25,54.694590775155234,57.31341304911877,40,39.0,,,,,False,overlap_too_short
54,59,103.35,229.9,54.694590775155234,33.050001827751935,39,38.0,,,,,False,overlap_too_short
54,60,103.35,250.05,54.694590775155234,60.627133328600145,38,37.0,,,,,False,overlap_too_short
54,61,103.35,183.35,54.694590775155234,43.59310897362276,38,37.0,,,,,False,overlap_too_short
54,63,103.35,204.65,54.694590775155234,51.24992380241591,29,28.0,,,,,False,overlap_too_short
54,64,103.35,340.95,54.694590775155234,44.30046537876594,25,24.0,,,,,False,overlap_too_short
54,65,103.35,245.85,54.694590775155234,40.9503611379082,17,16.0,,,,,False,overlap_too_short
54,66,103.35,171.6,54.694590775155234,51.25123900870942,16,15.0,,,,,False,overlap_too_short
54,67,103.35,173.6,54.694590775155234,51.14761715179862,13,12.0,,,,,False,overlap_too_short
54,68,103.35,241.75,54.694590775155234,41.30155506097921,13,12.0,,,,,False,overlap_too_short
54,69,103.35,344.5,54.694590775155234,37.20391452684906,12,11.0,,,,,False,overlap_too_short
54,72,103.35,245.9,54.694590775155234,58.0286548219622,0,0.0,,,,,False,no_overlap
54,74,103.35,124.7,54.694590775155234,48.47646491221749,0,0.0,,,,,False,no_overlap
54,75,103.35,272.9,54.694590775155234,60.2485523431312,0,0.0,,,,,False,no_overlap
54,78,103.35,344.6,54.694590775155234,53.755454478536365,0,0.0,,,,,False,no_overlap
54,79,103.35,193.25,54.694590775155234,69.30115338864515,0,0.0,,,,,False,no_overlap
54,80,103.35,229.8,54.694590775155234,68.89805991475131,0,0.0,,,,,False,no_overlap
54,82,103.35,375.05,54.694590775155234,53.42203473535585,0,0.0,,,,,False,no_overlap
54,92,103.35,59.25,54.694590775155234,12.241287111310728,0,0.0,,,,,False,no_overlap
55,57,159.15,295.5,43.35091859042569,51.85262629057717,195,194.0,13.713269522383383,9.683992570440552,24.754947966142023,0.37566210699639935,True,ok
55,58,159.15,152.25,43.35091859042569,57.31341304911877,188,187.0,22.616054397121438,16.30903859595334,38.93517704586389,0.2966361769744635,False,diff_too_large
55,59,159.15,229.9,43.35091859042569,33.050001827751935,65,64.0,,,,,False,overlap_too_short
55,60,159.15,250.05,43.35091859042569,60.627133328600145,186,185.0,15.48522537171283,9.69373240379575,41.83465298108415,0.23540229336985163,False,diff_too_large
55,61,159.15,183.35,43.35091859042569,43.59310897362276,166,165.0,13.828022494661223,9.347320389605486,32.07624548422994,0.3350945164239037,True,ok
55,63,159.15,204.65,43.35091859042569,51.24992380241591,177,176.0,16.1823695862497,12.188214253095651,29.633621239229957,0.21293354637578443,False,diff_too_large
55,64,159.15,340.95,43.35091859042569,44.30046537876594,173,172.0,15.870372906225581,12.303890082036645,32.53372412794076,0.136135698892498,False,diff_too_large
55,65,159.15,245.85,43.35091859042569,40.9503611379082,68,67.0,,,,,False,overlap_too_short
55,66,159.15,171.6,43.35091859042569,51.25123900870942,155,154.0,17.219407104951937,11.057347320707265,34.29690910961522,0.04611240559825981,False,diff_too_large
55,67,159.15,173.6,43.35091859042569,51.14761715179862,109,108.0,13.285144604909046,10.396081895765263,30.414795827014075,0.3262199125251543,True,ok
55,68,159.15,241.75,43.35091859042569,41.30155506097921,60,59.0,,,,,False,overlap_too_short
55,69,159.15,344.5,43.35091859042569,37.20391452684906,86,85.0,,,,,False,overlap_too_short
55,72,159.15,245.9,43.35091859042569,58.0286548219622,69,68.0,,,,,False,overlap_too_short
55,74,159.15,124.7,43.35091859042569,48.47646491221749,51,50.0,,,,,False,overlap_too_short
55,75,159.15,272.9,43.35091859042569,60.2485523431312,76,75.0,,,,,False,overlap_too_short
55,78,159.15,344.6,43.35091859042569,53.755454478536365,47,46.0,,,,,False,overlap_too_short
55,79,159.15,193.25,43.35091859042569,69.30115338864515,52,51.0,,,,,False,overlap_too_short
55,80,159.15,229.8,43.35091859042569,68.89805991475131,42,41.0,,,,,False,overlap_too_short
55,82,159.15,375.05,43.35091859042569,53.42203473535585,16,15.0,,,,,False,overlap_too_short
55,92,159.15,59.25,43.35091859042569,12.241287111310728,0,0.0,,,,,False,no_overlap
57,58,295.5,152.25,51.85262629057717,57.31341304911877,208,207.0,17.152360308820526,10.849276739321894,29.439996831545812,0.30573941890104034,False,diff_too_large
57,59,295.5,229.9,51.85262629057717,33.050001827751935,65,64.0,,,,,False,overlap_too_short
57,60,295.5,250.05,51.85262629057717,60.627133328600145,206,205.0,7.57655730067197,6.467836507161735,15.560485927945408,0.8185909541509603,True,ok
57,61,295.5,183.35,51.85262629057717,43.59310897362276,166,165.0,8.59728512565657,5.811304331087769,23.06269017733817,0.7690788056165202,True,ok
57,63,295.5,204.65,51.85262629057717,51.24992380241591,197,196.0,7.525288502272845,6.100995441536583,15.463757492909464,0.8069714632946122,True,ok
57,64,295.5,340.95,51.85262629057717,44.30046537876594,175,174.0,8.700421046830824,7.82023210485022,16.608230100975995,0.8482106358531774,True,ok
57,65,295.5,245.85,51.85262629057717,40.9503611379082,68,67.0,,,,,False,overlap_too_short
57,66,295.5,171.6,51.85262629057717,51.25123900870942,155,154.0,7.354164964321574,5.93727320295028,16.70035741079302,0.810800465602168,True,ok
57,67,295.5,173.6,51.85262629057717,51.14761715179862,109,108.0,7.380128360090863,5.800427894871007,15.014682869071159,0.7433210710589114,True,ok
57,68,295.5,241.75,51.85262629057717,41.30155506097921,60,59.0,,,,,False,overlap_too_short
57,69,295.5,344.5,51.85262629057717,37.20391452684906,86,85.0,,,,,False,overlap_too_short
57,72,295.5,245.9,51.85262629057717,58.0286548219622,69,68.0,,,,,False,overlap_too_short
57,74,295.5,124.7,51.85262629057717,48.47646491221749,51,50.0,,,,,False,overlap_too_short
57,75,295.5,272.9,51.85262629057717,60.2485523431312,84,83.0,,,,,False,overlap_too_short
57,78,295.5,344.6,51.85262629057717,53.755454478536365,47,46.0,,,,,False,overlap_too_short
57,79,295.5,193.25,51.85262629057717,69.30115338864515,52,51.0,,,,,False,overlap_too_short
57,80,295.5,229.8,51.85262629057717,68.89805991475131,42,41.0,,,,,False,overlap_too_short
57,82,295.5,375.05,51.85262629057717,53.42203473535585,36,35.0,,,,,False,overlap_too_short
57,92,295.5,59.25,51.85262629057717,12.241287111310728,0,0.0,,,,,False,no_overlap
58,59,152.25,229.9,57.31341304911877,33.050001827751935,65,64.0,,,,,False,overlap_too_short
58,60,152.25,250.05,57.31341304911877,60.627133328600145,210,209.0,20.162845786944136,15.355514965054581,36.254626195363876,0.11213884104874988,False,diff_too_large
58,61,152.25,183.35,57.31341304911877,43.59310897362276,166,165.0,21.09559833043163,15.550504142203792,39.0195535522585,0.23053981014201558,False,diff_too_large
58,63,152.25,204.65,57.31341304911877,51.24992380241591,201,200.0,20.731140609293753,15.103478573960388,37.529094986089234,-0.017663945045645817,False,diff_too_large
58,64,152.25,340.95,57.31341304911877,44.30046537876594,175,174.0,23.729797821839107,20.44757708263637,39.884081201312384,0.2306360031065825,False,diff_too_large
58,65,152.25,245.85,57.31341304911877,40.9503611379082,68,67.0,,,,,False,overlap_too_short
58,66,152.25,171.6,57.31341304911877,51.25123900870942,155,154.0,24.05250998784407,17.284916129186115,41.438905439417574,-0.22531179626463027,False,diff_too_large
58,67,152.25,173.6,57.31341304911877,51.14761715179862,109,108.0,24.895189446640096,16.759572030443195,49.483114380970186,0.07593168276981242,False,diff_too_large
58,68,152.25,241.75,57.31341304911877,41.30155506097921,60,59.0,,,,,False,overlap_too_short
58,69,152.25,344.5,57.31341304911877,37.20391452684906,86,85.0,,,,,False,overlap_too_short
58,72,152.25,245.9,57.31341304911877,58.0286548219622,69,68.0,,,,,False,overlap_too_short
58,74,152.25,124.7,57.31341304911877,48.47646491221749,51,50.0,,,,,False,overlap_too_short
58,75,152.25,272.9,57.31341304911877,60.2485523431312,84,83.0,,,,,False,overlap_too_short
58,78,152.25,344.6,57.31341304911877,53.755454478536365,47,46.0,,,,,False,overlap_too_short
58,79,152.25,193.25,57.31341304911877,69.30115338864515,52,51.0,,,,,False,overlap_too_short
58,80,152.25,229.8,57.31341304911877,68.89805991475131,42,41.0,,,,,False,overlap_too_short
58,82,152.25,375.05,57.31341304911877,53.42203473535585,40,39.0,,,,,False,overlap_too_short
58,92,152.25,59.25,57.31341304911877,12.241287111310728,0,0.0,,,,,False,no_overlap
59,60,229.9,250.05,33.050001827751935,60.627133328600145,64,63.0,,,,,False,overlap_too_short
59,61,229.9,183.35,33.050001827751935,43.59310897362276,64,63.0,,,,,False,overlap_too_short
59,63,229.9,204.65,33.050001827751935,51.24992380241591,55,54.0,,,,,False,overlap_too_short
59,64,229.9,340.95,33.050001827751935,44.30046537876594,51,50.0,,,,,False,overlap_too_short
59,65,229.9,245.85,33.050001827751935,40.9503611379082,43,42.0,,,,,False,overlap_too_short
59,66,229.9,171.6,33.050001827751935,51.25123900870942,42,41.0,,,,,False,overlap_too_short
59,67,229.9,173.6,33.050001827751935,51.14761715179862,39,38.0,,,,,False,overlap_too_short
59,68,229.9,241.75,33.050001827751935,41.30155506097921,39,38.0,,,,,False,overlap_too_short
59,69,229.9,344.5,33.050001827751935,37.20391452684906,38,37.0,,,,,False,overlap_too_short
59,72,229.9,245.9,33.050001827751935,58.0286548219622,0,0.0,,,,,False,no_overlap
59,74,229.9,124.7,33.050001827751935,48.47646491221749,0,0.0,,,,,False,no_overlap
59,75,229.9,272.9,33.050001827751935,60.2485523431312,0,0.0,,,,,False,no_overlap
59,78,229.9,344.6,33.050001827751935,53.755454478536365,0,0.0,,,,,False,no_overlap
59,79,229.9,193.25,33.050001827751935,69.30115338864515,0,0.0,,,,,False,no_overlap
59,80,229.9,229.8,33.050001827751935,68.89805991475131,0,0.0,,,,,False,no_overlap
59,82,229.9,375.05,33.050001827751935,53.42203473535585,0,0.0,,,,,False,no_overlap
59,92,229.9,59.25,33.050001827751935,12.241287111310728,0,0.0,,,,,False,no_overlap
60,61,250.05,183.35,60.627133328600145,43.59310897362276,166,165.0,10.900529752706698,7.379784297124502,26.648711887497953,0.620797502109141,True,ok
60,63,250.05,204.65,60.627133328600145,51.24992380241591,205,204.0,9.33953683585738,7.400200790178815,19.89464339614124,0.741136705736936,True,ok
60,64,250.05,340.95,60.627133328600145,44.30046537876594,175,174.0,11.038325472251426,9.204691904047195,23.660497269442452,0.6144221061293873,True,ok
60,65,250.05,245.85,60.627133328600145,40.9503611379082,68,67.0,,,,,False,overlap_too_short
60,66,250.05,171.6,60.627133328600145,51.25123900870942,155,154.0,10.741568243935426,7.990038935689142,24.00217595621165,0.6218221938307862,True,ok
60,67,250.05,173.6,60.627133328600145,51.14761715179862,109,108.0,10.586670229449314,8.900215430524298,22.398746425242496,0.6029572453653076,True,ok
60,68,250.05,241.75,60.627133328600145,41.30155506097921,60,59.0,,,,,False,overlap_too_short
60,69,250.05,344.5,60.627133328600145,37.20391452684906,86,85.0,,,,,False,overlap_too_short
60,72,250.05,245.9,60.627133328600145,58.0286548219622,69,68.0,,,,,False,overlap_too_short
60,74,250.05,124.7,60.627133328600145,48.47646491221749,51,50.0,,,,,False,overlap_too_short
60,75,250.05,272.9,60.627133328600145,60.2485523431312,84,83.0,,,,,False,overlap_too_short
60,78,250.05,344.6,60.627133328600145,53.755454478536365,47,46.0,,,,,False,overlap_too_short
60,79,250.05,193.25,60.627133328600145,69.30115338864515,52,51.0,,,,,False,overlap_too_short
60,80,250.05,229.8,60.627133328600145,68.89805991475131,42,41.0,,,,,False,overlap_too_short
60,82,250.05,375.05,60.627133328600145,53.42203473535585,70,69.0,,,,,False,overlap_too_short
60,92,250.05,59.25,60.627133328600145,12.241287111310728,42,41.0,,,,,False,overlap_too_short
61,63,183.35,204.65,43.59310897362276,51.24992380241591,157,156.0,13.083718800181867,9.091355851803371,30.71626517227217,0.414353693474011,True,ok
61,64,183.35,340.95,43.59310897362276,44.30046537876594,153,152.0,11.031147503031521,7.298966115557818,31.116534206498507,0.6687331404525138,True,ok
61,65,183.35,245.85,43.59310897362276,40.9503611379082,68,67.0,,,,,False,overlap_too_short
61,66,183.35,171.6,43.59310897362276,51.25123900870942,144,143.0,10.939081596845577,7.213602409132989,27.57012983149086,0.6094510500649863,True,ok
61,67,183.35,173.6,43.59310897362276,51.14761715179862,109,108.0,10.808558660642655,8.463448965225496,23.459246456818995,0.5564435765104786,True,ok
61,68,183.35,241.75,43.59310897362276,41.30155506097921,60,59.0,,,,,False,overlap_too_short
61,69,183.35,344.5,43.59310897362276,37.20391452684906,86,85.0,,,,,False,overlap_too_short
61,72,183.35,245.9,43.59310897362276,58.0286548219622,68,67.0,,,,,False,overlap_too_short
61,74,183.35,124.7,43.59310897362276,48.47646491221749,51,50.0,,,,,False,overlap_too_short
61,75,183.35,272.9,43.59310897362276,60.2485523431312,56,55.0,,,,,False,overlap_too_short
61,78,183.35,344.6,43.59310897362276,53.755454478536365,43,42.0,,,,,False,overlap_too_short
61,79,183.35,193.25,43.59310897362276,69.30115338864515,36,35.0,,,,,False,overlap_too_short
61,80,183.35,229.8,43.59310897362276,68.89805991475131,24,23.0,,,,,False,overlap_too_short
61,82,183.35,375.05,43.59310897362276,53.42203473535585,0,0.0,,,,,False,no_overlap
61,92,183.35,59.25,43.59310897362276,12.241287111310728,0,0.0,,,,,False,no_overlap
63,64,204.65,340.95,51.24992380241591,44.30046537876594,175,174.0,10.485313520886681,9.199823748482686,20.22592893339202,0.728631139255017,True,ok
63,65,204.65,245.85,51.24992380241591,40.9503611379082,68,67.0,,,,,False,overlap_too_short
63,66,204.65,171.6,51.24992380241591,51.25123900870942,155,154.0,9.076141225726042,7.707753839514567,19.670832083591538,0.73767069255373,True,ok
63,67,204.65,173.6,51.24992380241591,51.14761715179862,109,108.0,11.123248160173917,9.499230675456488,22.507548197846464,0.4133173289689177,True,ok
63,68,204.65,241.75,51.24992380241591,41.30155506097921,60,59.0,,,,,False,overlap_too_short
63,69,204.65,344.5,51.24992380241591,37.20391452684906,86,85.0,,,,,False,overlap_too_short
63,72,204.65,245.9,51.24992380241591,58.0286548219622,69,68.0,,,,,False,overlap_too_short
63,74,204.65,124.7,51.24992380241591,48.47646491221749,51,50.0,,,,,False,overlap_too_short
63,75,204.65,272.9,51.24992380241591,60.2485523431312,84,83.0,,,,,False,overlap_too_short
63,78,204.65,344.6,51.24992380241591,53.755454478536365,47,46.0,,,,,False,overlap_too_short
63,79,204.65,193.25,51.24992380241591,69.30115338864515,52,51.0,,,,,False,overlap_too_short
63,80,204.65,229.8,51.24992380241591,68.89805991475131,42,41.0,,,,,False,overlap_too_short
63,82,204.65,375.05,51.24992380241591,53.42203473535585,44,43.0,,,,,False,overlap_too_short
63,92,204.65,59.25,51.24992380241591,12.241287111310728,0,0.0,,,,,False,no_overlap
64,65,340.95,245.85,44.30046537876594,40.9503611379082,68,67.0,,,,,False,overlap_too_short
64,66,340.95,171.6,44.30046537876594,51.25123900870942,155,154.0,10.819018891299015,9.604218187981644,20.94656865126232,0.8242591022720964,True,ok
64,67,340.95,173.6,44.30046537876594,51.14761715179862,109,108.0,11.423744320452284,10.604400353805119,20.575903471816584,0.6919672593328995,True,ok
64,68,340.95,241.75,44.30046537876594,41.30155506097921,60,59.0,,,,,False,overlap_too_short
64,69,340.95,344.5,44.30046537876594,37.20391452684906,86,85.0,,,,,False,overlap_too_short
64,72,340.95,245.9,44.30046537876594,58.0286548219622,69,68.0,,,,,False,overlap_too_short
64,74,340.95,124.7,44.30046537876594,48.47646491221749,51,50.0,,,,,False,overlap_too_short
64,75,340.95,272.9,44.30046537876594,60.2485523431312,78,77.0,,,,,False,overlap_too_short
64,78,340.95,344.6,44.30046537876594,53.755454478536365,47,46.0,,,,,False,overlap_too_short
64,79,340.95,193.25,44.30046537876594,69.30115338864515,52,51.0,,,,,False,overlap_too_short
64,80,340.95,229.8,44.30046537876594,68.89805991475131,42,41.0,,,,,False,overlap_too_short
64,82,340.95,375.05,44.30046537876594,53.42203473535585,18,17.0,,,,,False,overlap_too_short
64,92,340.95,59.25,44.30046537876594,12.241287111310728,0,0.0,,,,,False,no_overlap
65,66,245.85,171.6,40.9503611379082,51.25123900870942,67,66.0,,,,,False,overlap_too_short
65,67,245.85,173.6,40.9503611379082,51.14761715179862,64,63.0,,,,,False,overlap_too_short
65,68,245.85,241.75,40.9503611379082,41.30155506097921,60,59.0,,,,,False,overlap_too_short
65,69,245.85,344.5,40.9503611379082,37.20391452684906,63,62.0,,,,,False,overlap_too_short
65,72,245.85,245.9,40.9503611379082,58.0286548219622,0,0.0,,,,,False,no_overlap
65,74,245.85,124.7,40.9503611379082,48.47646491221749,0,0.0,,,,,False,no_overlap
65,75,245.85,272.9,40.9503611379082,60.2485523431312,0,0.0,,,,,False,no_overlap
65,78,245.85,344.6,40.9503611379082,53.755454478536365,0,0.0,,,,,False,no_overlap
65,79,245.85,193.25,40.9503611379082,69.30115338864515,0,0.0,,,,,False,no_overlap
65,80,245.85,229.8,40.9503611379082,68.89805991475131,0,0.0,,,,,False,no_overlap
65,82,245.85,375.05,40.9503611379082,53.42203473535585,0,0.0,,,,,False,no_overlap
65,92,245.85,59.25,40.9503611379082,12.241287111310728,0,0.0,,,,,False,no_overlap
66,67,171.6,173.6,51.25123900870942,51.14761715179862,109,108.0,7.508855231828895,6.503425414328461,16.12198448170604,0.7788725377178244,True,ok
66,68,171.6,241.75,51.25123900870942,41.30155506097921,60,59.0,,,,,False,overlap_too_short
66,69,171.6,344.5,51.25123900870942,37.20391452684906,86,85.0,,,,,False,overlap_too_short
66,72,171.6,245.9,51.25123900870942,58.0286548219622,69,68.0,,,,,False,overlap_too_short
66,74,171.6,124.7,51.25123900870942,48.47646491221749,51,50.0,,,,,False,overlap_too_short
66,75,171.6,272.9,51.25123900870942,60.2485523431312,67,66.0,,,,,False,overlap_too_short
66,78,171.6,344.6,51.25123900870942,53.755454478536365,47,46.0,,,,,False,overlap_too_short
66,79,171.6,193.25,51.25123900870942,69.30115338864515,47,46.0,,,,,False,overlap_too_short
66,80,171.6,229.8,51.25123900870942,68.89805991475131,35,34.0,,,,,False,overlap_too_short
66,82,171.6,375.05,51.25123900870942,53.42203473535585,7,6.0,,,,,False,overlap_too_short
66,92,171.6,59.25,51.25123900870942,12.241287111310728,0,0.0,,,,,False,no_overlap
67,68,173.6,241.75,51.14761715179862,41.30155506097921,60,59.0,,,,,False,overlap_too_short
67,69,173.6,344.5,51.14761715179862,37.20391452684906,86,85.0,,,,,False,overlap_too_short
67,72,173.6,245.9,51.14761715179862,58.0286548219622,36,35.0,,,,,False,overlap_too_short
67,74,173.6,124.7,51.14761715179862,48.47646491221749,29,28.0,,,,,False,overlap_too_short
67,75,173.6,272.9,51.14761715179862,60.2485523431312,24,23.0,,,,,False,overlap_too_short
67,78,173.6,344.6,51.14761715179862,53.755454478536365,11,10.0,,,,,False,overlap_too_short
67,79,173.6,193.25,51.14761715179862,69.30115338864515,4,3.0,,,,,False,overlap_too_short
67,80,173.6,229.8,51.14761715179862,68.89805991475131,0,0.0,,,,,False,no_overlap
67,82,173.6,375.05,51.14761715179862,53.42203473535585,0,0.0,,,,,False,no_overlap
67,92,173.6,59.25,51.14761715179862,12.241287111310728,0,0.0,,,,,False,no_overlap
68,69,241.75,344.5,41.30155506097921,37.20391452684906,59,58.0,,,,,False,overlap_too_short
68,72,241.75,245.9,41.30155506097921,58.0286548219622,0,0.0,,,,,False,no_overlap
68,74,241.75,124.7,41.30155506097921,48.47646491221749,0,0.0,,,,,False,no_overlap
68,75,241.75,272.9,41.30155506097921,60.2485523431312,0,0.0,,,,,False,no_overlap
68,78,241.75,344.6,41.30155506097921,53.755454478536365,0,0.0,,,,,False,no_overlap
68,79,241.75,193.25,41.30155506097921,69.30115338864515,0,0.0,,,,,False,no_overlap
68,80,241.75,229.8,41.30155506097921,68.89805991475131,0,0.0,,,,,False,no_overlap
68,82,241.75,375.05,41.30155506097921,53.42203473535585,0,0.0,,,,,False,no_overlap
68,92,241.75,59.25,41.30155506097921,12.241287111310728,0,0.0,,,,,False,no_overlap
69,72,344.5,245.9,37.20391452684906,58.0286548219622,14,13.0,,,,,False,overlap_too_short
69,74,344.5,124.7,37.20391452684906,48.47646491221749,7,6.0,,,,,False,overlap_too_short
69,75,344.5,272.9,37.20391452684906,60.2485523431312,2,1.0,,,,,False,overlap_too_short
69,78,344.5,344.6,37.20391452684906,53.755454478536365,0,0.0,,,,,False,no_overlap
69,79,344.5,193.25,37.20391452684906,69.30115338864515,0,0.0,,,,,False,no_overlap
69,80,344.5,229.8,37.20391452684906,68.89805991475131,0,0.0,,,,,False,no_overlap
69,82,344.5,375.05,37.20391452684906,53.42203473535585,0,0.0,,,,,False,no_overlap
69,92,344.5,59.25,37.20391452684906,12.241287111310728,0,0.0,,,,,False,no_overlap
72,74,245.9,124.7,58.0286548219622,48.47646491221749,51,50.0,,,,,False,overlap_too_short
72,75,245.9,272.9,58.0286548219622,60.2485523431312,57,56.0,,,,,False,overlap_too_short
72,78,245.9,344.6,58.0286548219622,53.755454478536365,44,43.0,,,,,False,overlap_too_short
72,79,245.9,193.25,58.0286548219622,69.30115338864515,37,36.0,,,,,False,overlap_too_short
72,80,245.9,229.8,58.0286548219622,68.89805991475131,25,24.0,,,,,False,overlap_too_short
72,82,245.9,375.05,58.0286548219622,53.42203473535585,0,0.0,,,,,False,no_overlap
72,92,245.9,59.25,58.0286548219622,12.241287111310728,0,0.0,,,,,False,no_overlap
74,75,124.7,272.9,48.47646491221749,60.2485523431312,46,45.0,,,,,False,overlap_too_short
74,78,124.7,344.6,48.47646491221749,53.755454478536365,33,32.0,,,,,False,overlap_too_short
74,79,124.7,193.25,48.47646491221749,69.30115338864515,26,25.0,,,,,False,overlap_too_short
74,80,124.7,229.8,48.47646491221749,68.89805991475131,14,13.0,,,,,False,overlap_too_short
74,82,124.7,375.05,48.47646491221749,53.42203473535585,0,0.0,,,,,False,no_overlap
74,92,124.7,59.25,48.47646491221749,12.241287111310728,0,0.0,,,,,False,no_overlap
75,78,272.9,344.6,60.2485523431312,53.755454478536365,47,46.0,,,,,False,overlap_too_short
75,79,272.9,193.25,60.2485523431312,69.30115338864515,52,51.0,,,,,False,overlap_too_short
75,80,272.9,229.8,60.2485523431312,68.89805991475131,42,41.0,,,,,False,overlap_too_short
75,82,272.9,375.05,60.2485523431312,53.42203473535585,24,23.0,,,,,False,overlap_too_short
75,92,272.9,59.25,60.2485523431312,12.241287111310728,0,0.0,,,,,False,no_overlap
78,79,344.6,193.25,53.755454478536365,69.30115338864515,40,39.0,,,,,False,overlap_too_short
78,80,344.6,229.8,53.755454478536365,68.89805991475131,28,27.0,,,,,False,overlap_too_short
78,82,344.6,375.05,53.755454478536365,53.42203473535585,0,0.0,,,,,False,no_overlap
78,92,344.6,59.25,53.755454478536365,12.241287111310728,0,0.0,,,,,False,no_overlap
79,80,193.25,229.8,69.30115338864515,68.89805991475131,40,39.0,,,,,False,overlap_too_short
79,82,193.25,375.05,69.30115338864515,53.42203473535585,12,11.0,,,,,False,overlap_too_short
79,92,193.25,59.25,69.30115338864515,12.241287111310728,0,0.0,,,,,False,no_overlap
80,82,229.8,375.05,68.89805991475131,53.42203473535585,14,13.0,,,,,False,overlap_too_short
80,92,229.8,59.25,68.89805991475131,12.241287111310728,0,0.0,,,,,False,no_overlap
82,92,375.05,59.25,53.42203473535585,12.241287111310728,20,19.0,,,,,False,overlap_too_short
